Country,Category,HS_Code,Year,CIF_Value_USD,Net_Weight_Kg,Quantity
Peru,EV_100pct,870380,2021,1800500.89,95315.74,118.0
Peru,EV_100pct,870380,2022,5011048.081,234176.54,154.0
Peru,EV_100pct,870380,2023,15122371.2,905116.14,1884.0
Peru,EV_100pct,870380,2024,67226.1,3345.0,2.0
Peru,EV_100pct,870380,2024,15506188.979,1036389.042,2950.0
Peru,EV_100pct,870380,2024,1982610.569,376891.912,2579.0
Peru,EV_100pct,870380,2024,1308439.324,93440.0,68.0
Peru,EV_100pct,870380,2024,3914360.637,135481.0,60.0
Peru,EV_100pct,870380,2024,2659625.061,154301.0,85.0
Peru,EV_100pct,870380,2024,283260.04,14610.0,15.0
Peru,EV_100pct,870380,2024,677521.174,31649.0,17.0
Peru,EV_100pct,870380,2024,4128560.73,198613.0,105.0
Peru,EV_100pct,870380,2024,347604.23,21230.0,12.0
Peru,EV_100pct,870380,2024,134027.345,11090.0,9.0
Peru,EV_100pct,870380,2024,2116637.914,387981.912,2588.0
Peru,EV_100pct,870380,2024,15640216.324,1047479.042,2959.0
Peru,EV_100pct,870380,2024,30801.384,1188.13,4.0
Peru,EV_100pct,870380,2024,106179.73,5640.0,3.0
Peru,Hybrid,870340,2021,48883482.23,2610503.0,1545.0
Peru,Hybrid,870340,2022,72591020.266,4256471.0,2610.0
Peru,Hybrid,870340,2023,140887512.49,7995646.0,4969.0
Peru,Hybrid,870340,2024,394612.643,35780.0,21.0
Peru,Hybrid,870340,2024,14664826.367,671612.0,365.0
Peru,Hybrid,870340,2024,49214628.575,1873975.0,927.0
Peru,Hybrid,870340,2024,5001579.032,310304.0,209.0
Peru,Hybrid,870340,2024,41856107.262,3042810.4,2226.0
Peru,Hybrid,870340,2024,690998.03,17250.0,9.0
Peru,Hybrid,870340,2024,2008380.239,114580.0,72.0
Peru,Hybrid,870340,2024,11423437.0,769715.0,622.0
Peru,Hybrid,870340,2024,64041.47,5750.0,5.0
Peru,Hybrid,870340,2024,167177630.218,9218466.8,5988.0
Peru,Hybrid,870340,2024,5274755.196,514361.0,318.0
Peru,Hybrid,870340,2024,2094108.404,120655.0,74.0
Peru,Hybrid,870340,2024,23515717.0,1422940.0,1001.0
Peru,Hybrid,870340,2024,10974439.0,318734.4,139.0
Peru,Hybrid,870340,2024,5372945.196,524543.0,324.0
Peru,Hybrid,870340,2024,167275820.218,9228648.8,5994.0
Peru,Hybrid,870340,2024,98190.0,10182.0,6.0
Peru,Combustion_pickup,870421,2021,539471987.55,57044396.0,28880.0
Peru,Combustion_pickup,870421,2022,652086497.013,65035101.5,32610.0
Peru,Combustion_pickup,870421,2023,627962779.88,59587668.6,30555.0
Peru,Combustion_pickup,870421,2024,551134293.339,51647595.63,26149.0
Peru,Combustion_pickup,870421,2024,88061430.515,13076656.4,6610.0
Peru,Combustion_pickup,870421,2024,8044464.768,1142123.6,585.0
Peru,Combustion_pickup,870421,2024,26544929.0,2261735.0,1139.0
Peru,Combustion_pickup,870421,2024,9593858.651,892472.0,441.0
Peru,Combustion_pickup,870421,2024,34597065.562,3263910.0,1729.0
Peru,Combustion_pickup,870421,2024,10353151.764,935592.0,515.0
Peru,Combustion_pickup,870421,2024,33557554.01,3791398.0,2428.0
Peru,Combustion_pickup,870421,2024,834098.341,129320.0,65.0
Peru,Combustion_pickup,870421,2024,2604610.0,254200.0,180.0
Peru,Combustion_pickup,870421,2024,267469.232,30190.0,15.0
Peru,Combustion_pickup,870421,2024,149625.732,25780.0,13.0
Peru,Combustion_pickup,870421,2024,336624795.463,25879530.0,12441.0
Peru,Combustion_pickup,870421,2024,318335.265,20658.63,16.0
Peru,Combustion_pickup,870421,2024,9688158.651,894942.0,442.0
Peru,Combustion_pickup,870421,2024,88211056.247,13102436.4,6623.0
Peru,Combustion_pickup,870421,2024,551401762.571,51677785.63,26164.0
Peru,Combustion_pickup,870421,2024,23543.5,1940.0,1.0
Peru,Combustion_pickup,870421,2024,94300.0,2470.0,1.0
Peru,Lithium_battery,850760,2021,23957458.99,1053942.55,2355649.33
Peru,Lithium_battery,850760,2022,46429449.27,1631548.444,1773644.489
Peru,Lithium_battery,850760,2023,68799490.59,2684266.71,2227747.08
Peru,Lithium_battery,850760,2024,949077.476,15972.952,37682.0
Peru,Lithium_battery,850760,2024,345558.326,1006.511,5967.0
Peru,Lithium_battery,850760,2024,59299.01,8538.797,12259.0
Peru,Lithium_battery,850760,2024,24772.43,46.949,324.0
Peru,Lithium_battery,850760,2024,2884.184,6.201,91.0
Peru,Lithium_battery,850760,2024,3539.718,75.786,50.0
Peru,Lithium_battery,850760,2024,25382.08,115.996,381.0
Peru,Lithium_battery,850760,2024,3526.65,41.21,56.0
Peru,Lithium_battery,850760,2024,19821.585,106.891,257.0
Peru,Lithium_battery,850760,2024,8822.395,14.633,95.0
Peru,Lithium_battery,850760,2024,206831.23,1384.662,6150.0
Peru,Lithium_battery,850760,2024,532.781,2.856,17.0
Peru,Lithium_battery,850760,2024,8730.394,29.608,50.0
Peru,Lithium_battery,850760,2024,11360.59,132.62,100.0
Peru,Lithium_battery,850760,2024,1646711.57,135234.45,5092.0
Peru,Lithium_battery,850760,2024,38954.349,488.323,767.0
Peru,Lithium_battery,850760,2024,2548.835,7.273,1000.0
Peru,Lithium_battery,850760,2024,2087553.42,45413.625,26138.0
Peru,Lithium_battery,850760,2024,314064.785,13517.186,10908.0
Peru,Lithium_battery,850760,2024,227582.688,7931.529,8111.0
Peru,Lithium_battery,850760,2024,544113.077,8387.893,11588.0
Peru,Lithium_battery,850760,2024,1671484.0,135281.399,5416.0
Peru,Lithium_battery,850760,2024,64336.429,604.319,1148.0
Peru,Lithium_battery,850760,2024,6075.485,48.483,1056.0
Peru,Lithium_battery,850760,2024,2107375.005,45520.516,26395.0
Peru,Lithium_battery,850760,2024,750944.307,9772.555,17738.0
Peru,Lithium_battery,850760,2024,295612.092,16499.934,20420.0
Peru,Lithium_battery,850760,2024,2324.711,16.5,5.0
Peru,Lithium_battery,850760,2024,214.142,2.716,1.0
Peru,Lithium_battery,850760,2024,6740.5,57.0,1.0
Peru,General_auto_parts,8708,2021,379146972.09,46918973.98,46918973.98
Peru,General_auto_parts,8708,2022,414836978.971,47859762.559,47859762.559
Peru,General_auto_parts,8708,2023,387589533.62,46085599.57,46085599.57
Peru,General_auto_parts,8708,2024,67149051.563,2822163.504,2822163.504
Peru,General_auto_parts,8708,2024,19697393.857,381650.586,381650.586
Peru,General_auto_parts,8708,2024,46927337.443,2420403.573,2420403.573
Peru,General_auto_parts,8708,2024,34454769.625,1174157.72,1174157.72
Peru,General_auto_parts,8708,2024,533004.978,52302.467,52302.467
Peru,General_auto_parts,8708,2024,41345.044,1996.863,1996.863
Peru,General_auto_parts,8708,2024,27171.277,7703.658,7703.658
Peru,General_auto_parts,8708,2024,1145348.617,118840.218,118840.218
Peru,General_auto_parts,8708,2024,81246.157,4133.171,4133.171
Peru,General_auto_parts,8708,2024,1454495.223,252938.736,252938.736
Peru,General_auto_parts,8708,2024,376218.835,80539.18,80539.18
Peru,General_auto_parts,8708,2024,27580.656,4066.0,4066.0
Peru,General_auto_parts,8708,2024,33835.0,3256.999,3256.999
Peru,General_auto_parts,8708,2024,15271065.928,197349.063,197349.063
Peru,General_auto_parts,8708,2024,182183.724,4433.949,4433.949
Peru,General_auto_parts,8708,2024,21231.059,246.685,246.685
Peru,General_auto_parts,8708,2024,285625.506,5606.503,5606.503
Peru,General_auto_parts,8708,2024,11362.083,191.055,191.055
Peru,General_auto_parts,8708,2024,115391.041,1571.888,1571.888
Peru,General_auto_parts,8708,2024,1666642.167,63964.313,63964.313
Peru,General_auto_parts,8708,2024,344948.182,97673.6,97673.6
Peru,General_auto_parts,8708,2024,524320.263,20109.345,20109.345
Peru,General_auto_parts,8708,2024,2381830.869,120700.729,120700.729
Peru,General_auto_parts,8708,2024,62576.103,2243.548,2243.548
Peru,General_auto_parts,8708,2024,92608.24,4324.226,4324.226
Peru,General_auto_parts,8708,2024,1569886.264,254510.624,254510.624
Peru,General_auto_parts,8708,2024,1430974.123,124446.721,124446.721
Peru,General_auto_parts,8708,2024,49725835.553,1371506.783,1371506.783
Peru,General_auto_parts,8708,2024,1507.589,12.121,12.121
Brazil,EV_100pct,870380,2021,110056964.0,5734100.0,0.0
Brazil,EV_100pct,870380,2021,25996.0,1877.0,5.0
Brazil,EV_100pct,870380,2021,110363962.0,5743221.0,0.0
Brazil,EV_100pct,870380,2021,17248.0,500.0,1.0
Brazil,EV_100pct,870380,2021,263754.0,6744.0,4.0
Brazil,EV_100pct,870380,2022,257767662.0,15701495.0,9411.0
Brazil,EV_100pct,870380,2023,795816602.0,47297149.0,28412.944
Brazil,EV_100pct,870380,2023,796048720.0,47305395.0,28418.944
Brazil,EV_100pct,870380,2023,168532.0,5166.0,4.0
Brazil,EV_100pct,870380,2023,63586.0,3080.0,2.0
Brazil,EV_100pct,870380,2024,580999.0,25160.0,16.0
Brazil,EV_100pct,870380,2024,1690068119.0,119117842.0,80376.05
Brazil,EV_100pct,870380,2024,282503.0,6248.0,5.0
Brazil,EV_100pct,870380,2024,1690931621.0,119149250.0,80397.05
Brazil,EV_100pct,870380,2025,444885.0,9729.0,16.0
Brazil,EV_100pct,870380,2025,1068057072.0,95995044.0,68220.0
Brazil,EV_100pct,870380,2025,1068501957.0,96004773.0,68236.0
Brazil,Hybrid,870340,2021,57758482.0,3362154.0,1918.0
Brazil,Hybrid,870340,2021,57898588.0,3365588.0,1920.0
Brazil,Hybrid,870340,2021,140106.0,3434.0,2.0
Brazil,Hybrid,870340,2022,193206227.0,12688504.0,7861.0
Brazil,Hybrid,870340,2023,489087723.0,32518035.0,20418.0
Brazil,Hybrid,870340,2024,784031225.0,49857192.0,30062.0
Brazil,Hybrid,870340,2025,13615976.0,889234.0,739.0
Brazil,Hybrid,870340,2025,1021692997.0,76673774.0,45767.0
Brazil,Hybrid,870340,2025,1035308973.0,77563008.0,46506.0
Brazil,Combustion_pickup,870421,2021,898876695.0,73597259.0,35473.0
Brazil,Combustion_pickup,870421,2021,2624403863.0,233591881.0,110419.0
Brazil,Combustion_pickup,870421,2021,1725527168.0,159994622.0,74946.0
Brazil,Combustion_pickup,870421,2022,1180167700.0,87414058.0,42089.0
Brazil,Combustion_pickup,870421,2022,1658254225.0,139285650.0,0.0
Brazil,Combustion_pickup,870421,2022,2838421925.0,226699708.0,0.0
Brazil,Combustion_pickup,870421,2023,1095226885.0,81884364.0,39616.0
Brazil,Combustion_pickup,870421,2023,1716542467.0,132642269.0,60670.0
Brazil,Combustion_pickup,870421,2023,2812047512.0,214530698.0,100288.0
Brazil,Combustion_pickup,870421,2023,278160.0,4065.0,2.0
Brazil,Combustion_pickup,870421,2024,1143675915.0,86897556.0,42010.0
Brazil,Combustion_pickup,870421,2024,2390826151.0,179530618.0,82142.0
Brazil,Combustion_pickup,870421,2024,3534573526.0,266430413.0,124153.0
Brazil,Combustion_pickup,870421,2024,71460.0,2239.0,1.0
Brazil,Combustion_pickup,870421,2025,1351358971.0,96259791.0,46012.0
Brazil,Combustion_pickup,870421,2025,2284396837.0,174086221.0,80211.0
Brazil,Combustion_pickup,870421,2025,3635755808.0,270346012.0,126223.0
Brazil,Lithium_battery,850760,2021,567.0,8.668,5.0
Brazil,Lithium_battery,850760,2021,474389332.0,8083801.524,77611987.714
Brazil,Lithium_battery,850760,2021,269302319.0,2830475.762,45509235.714
Brazil,Lithium_battery,850760,2021,50765.0,149.204,243.0
Brazil,Lithium_battery,850760,2021,205035681.0,5253167.889,32102504.0
Brazil,Lithium_battery,850760,2022,14074.0,36.13,397.0
Brazil,Lithium_battery,850760,2022,37683.0,1405.0,28.0
Brazil,Lithium_battery,850760,2022,287941011.0,2564728.002,39281807.0
Brazil,Lithium_battery,850760,2022,287914415.0,7933996.514,29299149.0
Brazil,Lithium_battery,850760,2022,575910113.0,10500169.646,68581383.0
Brazil,Lithium_battery,850760,2022,2930.0,4.0,2.0
Brazil,Lithium_battery,850760,2023,38334.0,52.682,1035.0
Brazil,Lithium_battery,850760,2023,246727708.0,2288648.591,34346605.0
Brazil,Lithium_battery,850760,2023,328632723.0,11128815.638,23889048.0
Brazil,Lithium_battery,850760,2023,575423155.0,13418221.91,58236689.0
Brazil,Lithium_battery,850760,2023,24390.0,705.0,1.0
Brazil,Lithium_battery,850760,2024,27969.0,102.161,550.0
Brazil,Lithium_battery,850760,2024,525672.0,5412.0,338.0
Brazil,Lithium_battery,850760,2024,409636560.0,18285030.569,28893051.0
Brazil,Lithium_battery,850760,2024,265374296.0,3102778.239,49194289.0
Brazil,Lithium_battery,850760,2024,675564497.0,21393322.968,78088228.0
Brazil,Lithium_battery,850760,2025,105593.0,17420.959,467.0
Brazil,Lithium_battery,850760,2025,127287.0,672.792,3143.0
Brazil,Lithium_battery,850760,2025,448641372.0,23140006.528,34349814.0
Brazil,Lithium_battery,850760,2025,203231386.0,2388923.047,38389308.0
Brazil,Lithium_battery,850760,2025,652168571.0,25548662.284,72742736.0
Brazil,Lithium_battery,850760,2025,62933.0,1638.958,4.0
Brazil,General_auto_parts,8708,2021,1161.0,30.0,30.0
Brazil,General_auto_parts,8708,2021,526782748.0,17409511.339,17409511.339
Brazil,General_auto_parts,8708,2021,6697241746.0,764940503.687,764940503.687
Brazil,General_auto_parts,8708,2021,438057924.0,39593184.0,39593184.0
Brazil,General_auto_parts,8708,2021,7662083579.0,821943229.026,821943229.026
Brazil,General_auto_parts,8708,2022,462369797.0,42966929.591,42966929.591
Brazil,General_auto_parts,8708,2022,7184761838.0,791387789.078,791387789.078
Brazil,General_auto_parts,8708,2022,557230319.0,18493346.42,18493346.42
Brazil,General_auto_parts,8708,2022,8204361954.0,852848065.089,852848065.089
Brazil,General_auto_parts,8708,2023,431247565.0,35518709.252,35518709.252
Brazil,General_auto_parts,8708,2023,145625.0,12485.861,12485.861
Brazil,General_auto_parts,8708,2023,35167.0,5012.686,5012.686
Brazil,General_auto_parts,8708,2023,6803543267.0,734522046.026,734522046.026
Brazil,General_auto_parts,8708,2023,359688777.0,13042543.644,13042543.644
Brazil,General_auto_parts,8708,2023,7594660401.0,783100797.469,783100797.469
Brazil,General_auto_parts,8708,2024,11933.0,359.0,359.0
Brazil,General_auto_parts,8708,2024,485688386.0,37488365.732,37488365.732
Brazil,General_auto_parts,8708,2024,651844.0,70658.056,70658.056
Brazil,General_auto_parts,8708,2024,7606168943.0,838787864.968,838787864.968
Brazil,General_auto_parts,8708,2024,479450804.0,16530765.266,16530765.266
Brazil,General_auto_parts,8708,2024,8571971910.0,892878013.021,892878013.021
Brazil,General_auto_parts,8708,2025,158.0,22.0,22.0
Brazil,General_auto_parts,8708,2025,1215119.0,119702.988,119702.988
Brazil,General_auto_parts,8708,2025,460702022.0,34019041.697,34019041.697
Brazil,General_auto_parts,8708,2025,1695357.0,48071.058,48071.058
Brazil,General_auto_parts,8708,2025,8162036869.0,900902023.849,900902023.849
Brazil,General_auto_parts,8708,2025,366201505.0,14522639.414,14522639.414
Brazil,General_auto_parts,8708,2025,8991851030.0,949611501.005,949611501.005
Mexico,EV_100pct,870380,2021,1726530.0,84381.461,55.0
Mexico,EV_100pct,870380,2021,423545.0,20700.101,6.0
Mexico,EV_100pct,870380,2021,29201484.0,1427176.984,931.0
Mexico,EV_100pct,870380,2021,51779955.0,2530664.538,1160.0
Mexico,EV_100pct,870380,2021,83131514.0,4062923.085,2152.0
Mexico,EV_100pct,870380,2022,96740161.0,0.0,1817.0
Mexico,EV_100pct,870380,2022,102855538.0,0.0,3234.0
Mexico,EV_100pct,870380,2022,1912485.0,0.0,54.0
Mexico,EV_100pct,870380,2022,201998113.0,0.0,5106.0
Mexico,EV_100pct,870380,2022,489929.0,0.0,1.0
Mexico,EV_100pct,870380,2023,15835712.0,0.0,380.0
Mexico,EV_100pct,870380,2023,387243905.0,0.0,13076.0
Mexico,EV_100pct,870380,2023,84659692.0,0.0,1729.0
Mexico,EV_100pct,870380,2023,487999095.0,0.0,15188.0
Mexico,EV_100pct,870380,2023,259786.0,0.0,3.0
Mexico,EV_100pct,870380,2024,909592688.0,0.0,41416.0
Mexico,EV_100pct,870380,2024,18415097.0,0.0,324.0
Mexico,EV_100pct,870380,2024,1003266.0,0.0,18.0
Mexico,EV_100pct,870380,2024,116780461.0,0.0,2489.0
Mexico,EV_100pct,870380,2024,1045791512.0,0.0,44247.0
Mexico,EV_100pct,870380,2025,1454749183.0,0.0,83362.0
Mexico,EV_100pct,870380,2025,65474039.0,0.0,1109.0
Mexico,EV_100pct,870380,2025,1520419747.0,0.0,84475.0
Mexico,EV_100pct,870380,2025,156516.0,0.0,2.0
Mexico,EV_100pct,870380,2025,40009.0,0.0,2.0
Mexico,Hybrid,870340,2021,184129076.0,11191822.693,6694.0
Mexico,Hybrid,870340,2021,14950909.0,908753.393,726.0
Mexico,Hybrid,870340,2021,275380.0,16738.281,65.0
Mexico,Hybrid,870340,2021,199355365.0,12117314.367,7485.0
Mexico,Hybrid,870340,2022,673590.0,0.0,148.0
Mexico,Hybrid,870340,2022,40813760.0,0.0,2185.0
Mexico,Hybrid,870340,2022,1430957.0,0.0,47.0
Mexico,Hybrid,870340,2022,319350815.0,0.0,11809.0
Mexico,Hybrid,870340,2022,362269122.0,0.0,14189.0
Mexico,Hybrid,870340,2023,760991524.0,0.0,23062.0
Mexico,Hybrid,870340,2023,129517527.0,0.0,5341.0
Mexico,Hybrid,870340,2023,2163615.0,0.0,576.0
Mexico,Hybrid,870340,2023,892672666.0,0.0,28979.0
Mexico,Hybrid,870340,2024,222591038.0,0.0,9102.0
Mexico,Hybrid,870340,2024,1120571388.0,0.0,33195.0
Mexico,Hybrid,870340,2024,2595140.0,0.0,531.0
Mexico,Hybrid,870340,2024,1346691947.0,0.0,42830.0
Mexico,Hybrid,870340,2024,934381.0,0.0,2.0
Mexico,Hybrid,870340,2025,1078075096.0,0.0,31661.0
Mexico,Hybrid,870340,2025,989821920.0,0.0,37990.0
Mexico,Hybrid,870340,2025,4946292.0,0.0,595.0
Mexico,Hybrid,870340,2025,2072945535.0,0.0,70250.0
Mexico,Hybrid,870340,2025,102227.0,0.0,4.0
Mexico,Combustion_pickup,870421,2021,5319658.0,490393.779,162.0
Mexico,Combustion_pickup,870421,2021,21415470.0,1974189.554,878.0
Mexico,Combustion_pickup,870421,2021,5724547.0,527718.555,899.0
Mexico,Combustion_pickup,870421,2021,32459675.0,2992301.888,1939.0
Mexico,Combustion_pickup,870421,2022,5260623.0,0.0,845.0
Mexico,Combustion_pickup,870421,2022,86137885.0,0.0,3891.0
Mexico,Combustion_pickup,870421,2022,711562.0,0.0,12.0
Mexico,Combustion_pickup,870421,2022,33281988.0,0.0,1023.0
Mexico,Combustion_pickup,870421,2022,125392058.0,0.0,5771.0
Mexico,Combustion_pickup,870421,2023,23243587.0,0.0,567.0
Mexico,Combustion_pickup,870421,2023,66099840.0,0.0,2927.0
Mexico,Combustion_pickup,870421,2023,8958803.0,0.0,1013.0
Mexico,Combustion_pickup,870421,2023,98302230.0,0.0,4507.0
Mexico,Combustion_pickup,870421,2024,92150944.0,0.0,4538.0
Mexico,Combustion_pickup,870421,2024,62231461.0,0.0,1571.0
Mexico,Combustion_pickup,870421,2024,10716449.0,0.0,1252.0
Mexico,Combustion_pickup,870421,2024,165098854.0,0.0,7361.0
Mexico,Combustion_pickup,870421,2025,29089751.0,0.0,641.0
Mexico,Combustion_pickup,870421,2025,257560254.0,0.0,10686.0
Mexico,Combustion_pickup,870421,2025,23677758.0,0.0,2888.0
Mexico,Combustion_pickup,870421,2025,310543652.0,0.0,14216.0
Mexico,Combustion_pickup,870421,2025,215889.0,0.0,1.0
Mexico,Lithium_battery,850760,2021,10334555.0,212038.0,0.0
Mexico,Lithium_battery,850760,2021,5603.0,234.947,0.0
Mexico,Lithium_battery,850760,2021,1315783702.0,42271705.884,0.0
Mexico,Lithium_battery,850760,2021,454672124.0,10871810.31,0.0
Mexico,Lithium_battery,850760,2021,22249696.0,258886.06,0.0
Mexico,Lithium_battery,850760,2021,1803045680.0,53614675.201,0.0
Mexico,Lithium_battery,850760,2022,2709750939.0,,0.0
Mexico,Lithium_battery,850760,2022,17580794.0,,0.0
Mexico,Lithium_battery,850760,2022,2313917952.0,,0.0
Mexico,Lithium_battery,850760,2022,31968465.0,,0.0
Mexico,Lithium_battery,850760,2022,165123.0,,0.0
Mexico,Lithium_battery,850760,2022,346118605.0,,0.0
Mexico,Lithium_battery,850760,2023,3896531986.0,,0.0
Mexico,Lithium_battery,850760,2023,24603041.0,,0.0
Mexico,Lithium_battery,850760,2023,908665453.0,,0.0
Mexico,Lithium_battery,850760,2023,192900.0,4031.0,0.0
Mexico,Lithium_battery,850760,2023,21148021.0,452538.0,0.0
Mexico,Lithium_battery,850760,2023,2941922571.0,79968975.0,0.0
Mexico,Lithium_battery,850760,2024,5662720043.0,,0.0
Mexico,Lithium_battery,850760,2024,27032335.0,,0.0
Mexico,Lithium_battery,850760,2024,880.0,4.0,0.0
Mexico,Lithium_battery,850760,2024,141845740.0,3090455.0,0.0
Mexico,Lithium_battery,850760,2024,1840172661.0,50824208.0,0.0
Mexico,Lithium_battery,850760,2024,3653668427.0,143911071.0,0.0
Mexico,Lithium_battery,850760,2025,377073009.0,7521533.0,0.0
Mexico,Lithium_battery,850760,2025,1280709289.0,57589486.0,0.0
Mexico,Lithium_battery,850760,2025,4280154524.0,,0.0
Mexico,Lithium_battery,850760,2025,37218348.0,,0.0
Mexico,Lithium_battery,850760,2025,2585153878.0,,0.0
Mexico,General_auto_parts,8708,2021,26652836.0,0.0,0.0
Mexico,General_auto_parts,8708,2021,2099188935.0,0.0,0.0
Mexico,General_auto_parts,8708,2021,9162163012.0,0.0,0.0
Mexico,General_auto_parts,8708,2021,14131745133.0,0.0,0.0
Mexico,General_auto_parts,8708,2021,541934732.0,0.0,0.0
Mexico,General_auto_parts,8708,2021,25961684648.0,0.0,0.0
Mexico,General_auto_parts,8708,2022,29526235323.0,0.0,0.0
Mexico,General_auto_parts,8708,2022,542447381.0,0.0,0.0
Mexico,General_auto_parts,8708,2022,16164143973.0,0.0,0.0
Mexico,General_auto_parts,8708,2022,10252065369.0,0.0,0.0
Mexico,General_auto_parts,8708,2022,54767901.0,0.0,0.0
Mexico,General_auto_parts,8708,2022,2512810699.0,0.0,0.0
Mexico,General_auto_parts,8708,2023,32423717132.0,0.0,0.0
Mexico,General_auto_parts,8708,2023,621283980.0,0.0,0.0
Mexico,General_auto_parts,8708,2023,18008869311.0,0.0,0.0
Mexico,General_auto_parts,8708,2023,11316890597.0,0.0,0.0
Mexico,General_auto_parts,8708,2023,2426707149.0,0.0,0.0
Mexico,General_auto_parts,8708,2023,49966095.0,0.0,0.0
Mexico,General_auto_parts,8708,2024,34363754741.0,0.0,0.0
Mexico,General_auto_parts,8708,2024,527910165.0,0.0,0.0
Mexico,General_auto_parts,8708,2024,19031157387.0,0.0,0.0
Mexico,General_auto_parts,8708,2024,12368286614.0,0.0,0.0
Mexico,General_auto_parts,8708,2024,2419614984.0,0.0,0.0
Mexico,General_auto_parts,8708,2024,16785591.0,0.0,0.0
Mexico,General_auto_parts,8708,2025,32494717689.0,0.0,0.0
Mexico,General_auto_parts,8708,2025,489480412.0,0.0,0.0
Mexico,General_auto_parts,8708,2025,17281838558.0,0.0,0.0
Mexico,General_auto_parts,8708,2025,12145408270.0,0.0,0.0
Mexico,General_auto_parts,8708,2025,2568430697.0,0.0,0.0
Mexico,General_auto_parts,8708,2025,9559752.0,0.0,1303415.895
Chile,EV_100pct,870380,2021,13100434.375,644142.64,868.0
Chile,EV_100pct,870380,2022,38983457.367,2050503.292,1553.873
Chile,EV_100pct,870380,2023,50484583.792,2584538.348,2012.0
Chile,EV_100pct,870380,2024,149297047.247,8950040.976,6058.735
Chile,EV_100pct,870380,2025,152995326.083,8925562.791,5491.25
Chile,Hybrid,870340,2021,50104322.343,3112388.757,1973.006
Chile,Hybrid,870340,2022,99886347.887,6227197.964,4324.0
Chile,Hybrid,870340,2023,134821942.284,8123816.694,6001.954
Chile,Hybrid,870340,2024,222852871.614,12900772.562,12034.926
Chile,Hybrid,870340,2025,385525639.167,21412736.364,22274.853
Chile,Combustion_pickup,870421,2021,1666067705.617,150043951.127,101349.0
Chile,Combustion_pickup,870421,2022,2020474837.2,176772405.16,117589.011
Chile,Combustion_pickup,870421,2023,1384299134.334,114691843.975,0.0
Chile,Combustion_pickup,870421,2024,1144866436.102,93727609.901,59068.796
Chile,Combustion_pickup,870421,2025,1436193735.425,106280285.938,76277.491
Chile,Lithium_battery,850760,2021,42447717.582,678242.669,2217772.905
Chile,Lithium_battery,850760,2022,67684130.674,1138268.321,3120867.77
Chile,Lithium_battery,850760,2023,61387570.433,1071373.108,1164004.26
Chile,Lithium_battery,850760,2024,77824253.76,1520323.147,2871908.67
Chile,Lithium_battery,850760,2025,252041535.752,6046354.802,3121618.766
Chile,General_auto_parts,8708,2021,748943885.063,123013302.549,123013302.549
Chile,General_auto_parts,8708,2022,864411463.632,93789883.136,93789883.136
Chile,General_auto_parts,8708,2023,633860187.815,59819681.883,59819681.883
Chile,General_auto_parts,8708,2024,675994527.783,154460240.224,154460240.224
Chile,General_auto_parts,8708,2025,774965959.22,86633362.625,86633362.625
Colombia,EV_100pct,870380,2021,3516517.22,155690.0,90.0
Colombia,EV_100pct,870380,2021,433734.69,14967.91,18.0
Colombia,EV_100pct,870380,2021,11756643.68,713777.21,488.0
Colombia,EV_100pct,870380,2021,701789.68,24250.73,13.0
Colombia,EV_100pct,870380,2021,1661025.21,104762.93,65.0
Colombia,EV_100pct,870380,2021,1062249.87,50400.0,32.0
Colombia,EV_100pct,870380,2021,4134293.11,291703.47,371.0
Colombia,EV_100pct,870380,2021,1261395.33,59850.0,38.0
Colombia,EV_100pct,870380,2021,5177542.43,260452.93,155.0
Colombia,EV_100pct,870380,2021,15890936.79,1005480.68,859.0
Colombia,EV_100pct,870380,2021,1135524.37,39218.64,31.0
Colombia,EV_100pct,870380,2021,199145.46,9450.0,6.0
Colombia,EV_100pct,870380,2021,20759003.42,1090953.12,734.0
Colombia,EV_100pct,870380,2021,8457814.83,515852.13,524.0
Colombia,EV_100pct,870380,2021,29216818.25,1606805.25,1258.0
Colombia,EV_100pct,870380,2021,77037.25,4614.0,3.0
Colombia,EV_100pct,870380,2021,25417.75,1538.0,1.0
Colombia,EV_100pct,870380,2021,248600.28,14265.0,30.0
Colombia,EV_100pct,870380,2021,547401.68,24318.0,9.0
Colombia,EV_100pct,870380,2021,4719829.27,191304.0,129.0
Colombia,EV_100pct,870380,2021,5267230.95,215622.0,138.0
Colombia,EV_100pct,870380,2021,66031.1,3910.0,2.0
Colombia,EV_100pct,870380,2021,67102.0,1854.0,1.0
Colombia,EV_100pct,870380,2022,4387550.48,220010.0,140.0
Colombia,EV_100pct,870380,2022,602271.03,31230.0,20.0
Colombia,EV_100pct,870380,2022,368463.32,20448.5,14.0
Colombia,EV_100pct,870380,2022,2146161.49,105240.0,64.0
Colombia,EV_100pct,870380,2022,6954607.13,306519.01,114.0
Colombia,EV_100pct,870380,2022,15126662.41,968081.98,651.0
Colombia,EV_100pct,870380,2022,2246000.42,100400.61,57.0
Colombia,EV_100pct,870380,2022,12499902.14,703985.71,505.0
Colombia,EV_100pct,870380,2022,959704.35,44722.0,28.0
Colombia,EV_100pct,870380,2022,4106624.88,197280.0,137.0
Colombia,EV_100pct,870380,2022,7635085.53,261675.0,117.0
Colombia,EV_100pct,870380,2022,14589692.66,568194.01,231.0
Colombia,EV_100pct,870380,2022,4708895.91,228510.0,157.0
Colombia,EV_100pct,870380,2022,5347254.83,264732.0,168.0
Colombia,EV_100pct,870380,2022,27626564.55,1672067.69,1156.0
Colombia,EV_100pct,870380,2022,2399872.58,102600.61,58.0
Colombia,EV_100pct,870380,2022,25355189.06,1209862.71,788.0
Colombia,EV_100pct,870380,2022,31831716.28,1751930.1,1060.0
Colombia,EV_100pct,870380,2022,57186905.34,2961792.81,1848.0
Colombia,EV_100pct,870380,2022,153872.16,2200.0,1.0
Colombia,EV_100pct,870380,2023,2994019.34,157365.0,100.0
Colombia,EV_100pct,870380,2023,37911861.42,1844377.0,1067.0
Colombia,EV_100pct,870380,2023,7521904.99,331335.0,230.0
Colombia,EV_100pct,870380,2023,23122739.62,1123692.0,641.0
Colombia,EV_100pct,870380,2023,10515924.33,488700.0,330.0
Colombia,EV_100pct,870380,2023,61034601.04,2968069.0,1708.0
Colombia,EV_100pct,870380,2023,8308088.5,288390.0,127.0
Colombia,EV_100pct,870380,2023,20453230.23,814533.0,345.0
Colombia,EV_100pct,870380,2023,471004.01,21403.0,8.0
Colombia,EV_100pct,870380,2023,28761318.73,1102923.0,472.0
Colombia,EV_100pct,870380,2023,84947917.44,4149401.07,2649.0
Colombia,EV_100pct,870380,2023,127210000.67,6477887.99,4118.0
Colombia,EV_100pct,870380,2023,212157918.11,10627289.06,6767.0
Colombia,EV_100pct,870380,2023,25481.42,1690.0,1.0
Colombia,EV_100pct,870380,2023,6042053.89,184605.72,71.0
Colombia,EV_100pct,870380,2023,13298328.4,578821.8,342.0
Colombia,EV_100pct,870380,2023,19340382.29,763427.52,413.0
Colombia,EV_100pct,870380,2023,1705228.41,78496.0,54.0
Colombia,EV_100pct,870380,2023,3396859.99,168690.0,106.0
Colombia,EV_100pct,870380,2023,146150.0,10521.0,6.0
Colombia,EV_100pct,870380,2023,46804095.27,2801719.19,2088.0
Colombia,EV_100pct,870380,2023,2021114.13,90354.0,47.0
Colombia,EV_100pct,870380,2023,9461456.77,380539.0,182.0
Colombia,EV_100pct,870380,2023,28445078.12,1748795.35,1350.0
Colombia,EV_100pct,870380,2023,75249173.39,4550514.54,3438.0
Colombia,EV_100pct,870380,2023,3726342.54,168850.0,101.0
Colombia,EV_100pct,870380,2023,12858316.76,549229.0,288.0
Colombia,EV_100pct,870380,2023,29223.6,1962.0,2.0
Colombia,EV_100pct,870380,2024,38390.08,1641.0,1.0
Colombia,EV_100pct,870380,2024,23929.15,382.5,1.0
Colombia,EV_100pct,870380,2024,67944.88,3336.0,2.0
Colombia,EV_100pct,870380,2024,3460607.84,189296.0,114.0
Colombia,EV_100pct,870380,2024,6129922.2,245136.0,128.0
Colombia,EV_100pct,870380,2024,62836306.61,3246936.0,1848.0
Colombia,EV_100pct,870380,2024,8926460.55,344406.0,147.0
Colombia,EV_100pct,870380,2024,3816557.34,154161.0,74.0
Colombia,EV_100pct,870380,2024,15426790.55,636712.0,313.0
Colombia,EV_100pct,870380,2024,720141.45,38654.0,22.0
Colombia,EV_100pct,870380,2024,27564669.87,1168880.0,568.0
Colombia,EV_100pct,870380,2024,63556448.06,3285590.0,1870.0
Colombia,EV_100pct,870380,2024,9946479.54,399297.0,202.0
Colombia,EV_100pct,870380,2024,18887398.39,826008.0,427.0
Colombia,EV_100pct,870380,2024,36491130.42,1513286.0,715.0
Colombia,EV_100pct,870380,2024,61184550.29,3702475.15,2270.0
Colombia,EV_100pct,870380,2024,134395007.26,8944992.4,5933.0
Colombia,EV_100pct,870380,2024,195579557.55,12647467.55,8203.0
Colombia,EV_100pct,870380,2024,226068089.52,13582105.21,8460.0
Colombia,EV_100pct,870380,2024,116494632.67,5983702.45,3427.0
Colombia,EV_100pct,870380,2024,342562722.19,19565807.66,11887.0
Colombia,EV_100pct,870380,2024,303055.25,16800.0,10.0
Colombia,EV_100pct,870380,2024,90088.5,6805.0,4.0
Colombia,EV_100pct,870380,2024,91874.03,3718.5,3.0
Colombia,EV_100pct,870380,2024,6094877.77,412730.0,176.0
Colombia,EV_100pct,870380,2024,928922.67,48825.0,31.0
Colombia,EV_100pct,870380,2024,1395425.32,69660.0,45.0
Colombia,EV_100pct,870380,2024,499207.74,24768.0,16.0
Colombia,EV_100pct,870380,2024,957260.34,44275.0,30.0
Colombia,EV_100pct,870380,2024,524412.19,27318.0,58.0
Colombia,EV_100pct,870380,2024,5630372.21,173581.8,67.0
Colombia,EV_100pct,870380,2024,1370481.92,43800.6,15.0
Colombia,EV_100pct,870380,2024,7000854.13,217382.4,82.0
Colombia,EV_100pct,870380,2024,1894633.06,94428.0,61.0
Colombia,EV_100pct,870380,2024,57745.02,13830.0,9.0
Colombia,EV_100pct,870380,2024,1886183.01,93100.0,61.0
Colombia,EV_100pct,870380,2024,626607.38,31724.21,62.0
Colombia,EV_100pct,870380,2024,18491.98,10140.0,6.0
Colombia,EV_100pct,870380,2024,102195.19,4406.21,4.0
Colombia,EV_100pct,870380,2024,39253.04,3690.0,3.0
Colombia,EV_100pct,870380,2024,17400.0,2000.0,1.0
Colombia,EV_100pct,870380,2025,151243.76,11060.0,7.0
Colombia,EV_100pct,870380,2025,47785.94,1737.0,8.0
Colombia,EV_100pct,870380,2025,13861918.53,605875.0,266.0
Colombia,EV_100pct,870380,2025,67503288.94,3653033.0,2077.0
Colombia,EV_100pct,870380,2025,1546659.44,173070.0,229.0
Colombia,EV_100pct,870380,2025,3349174.97,75814.38,24.0
Colombia,EV_100pct,870380,2025,163736.58,8007.0,17.0
Colombia,EV_100pct,870380,2025,18132849.49,1030500.0,537.0
Colombia,EV_100pct,870380,2025,12115703.36,305492.63,100.0
Colombia,EV_100pct,870380,2025,458281930.32,35698068.41,24422.0
Colombia,EV_100pct,870380,2025,661334533.62,45827516.28,29887.0
Colombia,EV_100pct,870380,2025,45000.0,4590.0,3.0
Colombia,EV_100pct,870380,2025,51700.0,4070.0,2.0
Colombia,EV_100pct,870380,2025,190000.0,3060.0,1.0
Colombia,EV_100pct,870380,2025,150609.7,2385.0,1.0
Colombia,EV_100pct,870380,2025,484602987.69,35025624.22,23544.0
Colombia,EV_100pct,870380,2025,369568460.55,28857109.84,20129.0
Colombia,EV_100pct,870380,2025,1188548.9,61920.0,40.0
Colombia,EV_100pct,870380,2025,11695219.85,730505.0,314.0
Colombia,EV_100pct,870380,2025,2736823.05,138089.0,83.0
Colombia,EV_100pct,870380,2025,12811649.7,716088.0,374.0
Colombia,EV_100pct,870380,2025,5321199.79,314412.0,163.0
Colombia,EV_100pct,870380,2025,24829117.84,1321264.0,752.0
Colombia,EV_100pct,870380,2025,13441974.0,568669.0,287.0
Colombia,EV_100pct,870380,2025,296651.13,14886.0,11.0
Colombia,EV_100pct,870380,2025,33783671.98,1448144.0,704.0
Colombia,EV_100pct,870380,2025,477483.65,22086.14,15.0
Colombia,EV_100pct,870380,2025,8615918.69,227293.25,75.0
Colombia,EV_100pct,870380,2025,88713469.77,6840958.57,4293.0
Colombia,EV_100pct,870380,2025,176580936.23,10799507.06,6342.0
Colombia,EV_100pct,870380,2025,92332406.78,4974297.0,2829.0
Colombia,EV_100pct,870380,2025,16178797.05,706758.0,370.0
Colombia,EV_100pct,870380,2025,1591659.44,177660.0,232.0
Colombia,EV_100pct,870380,2025,47645590.51,2054019.0,970.0
Colombia,EV_100pct,870380,2025,1485200.03,76806.0,51.0
Colombia,EV_100pct,870380,2025,284664.99,11679.0,5.0
Colombia,EV_100pct,870380,2025,1761.87,192.4,4.0
Colombia,EV_100pct,870380,2025,506800.0,11518.7,3.0
Colombia,Hybrid,870340,2021,2617559.51,142255.0,72.0
Colombia,Hybrid,870340,2021,32173838.86,2694282.0,2199.0
Colombia,Hybrid,870340,2021,7725717.99,461162.04,215.0
Colombia,Hybrid,870340,2021,43803475.48,1902538.26,770.0
Colombia,Hybrid,870340,2021,34704173.37,2331334.57,1446.0
Colombia,Hybrid,870340,2021,17094705.27,961294.0,502.0
Colombia,Hybrid,870340,2021,4599652.49,298677.0,194.0
Colombia,Hybrid,870340,2021,100223447.71,7241440.0,5066.0
Colombia,Hybrid,870340,2021,49903874.62,4284248.0,3732.0
Colombia,Hybrid,870340,2021,2616598.4,153953.0,73.0
Colombia,Hybrid,870340,2021,82077713.48,6978530.0,5931.0
Colombia,Hybrid,870340,2021,7217212.0,440932.0,266.0
Colombia,Hybrid,870340,2021,78507648.85,4233872.83,2216.0
Colombia,Hybrid,870340,2021,104206452.82,6498070.41,4302.0
Colombia,Hybrid,870340,2021,230516703.67,16613026.12,11915.0
Colombia,Hybrid,870340,2021,334723156.49,23111096.53,16217.0
Colombia,Hybrid,870340,2021,24252.88,1871.0,1.0
Colombia,Hybrid,870340,2021,14784417.88,1019720.0,750.0
Colombia,Hybrid,870340,2021,6565581.05,320488.55,151.0
Colombia,Hybrid,870340,2021,17351775.65,1266010.0,1023.0
Colombia,Hybrid,870340,2021,106616.79,11040.0,12.0
Colombia,Hybrid,870340,2021,32136193.53,2285730.0,1773.0
Colombia,Hybrid,870340,2021,6960589.51,339383.55,161.0
Colombia,Hybrid,870340,2021,395008.46,18895.0,10.0
Colombia,Hybrid,870340,2021,32460.08,1888.11,1.0
Colombia,Hybrid,870340,2022,129502628.26,9043592.36,6313.0
Colombia,Hybrid,870340,2022,278658585.92,18753126.22,12979.0
Colombia,Hybrid,870340,2022,2142657.7,133913.0,99.0
Colombia,Hybrid,870340,2022,59855570.06,4544858.0,3257.0
Colombia,Hybrid,870340,2022,36088360.59,2221326.86,1376.0
Colombia,Hybrid,870340,2022,4742873.63,184775.0,89.0
Colombia,Hybrid,870340,2022,526439.97,23097.0,11.0
Colombia,Hybrid,870340,2022,13603049.96,661585.0,361.0
Colombia,Hybrid,870340,2022,87541509.77,4274851.26,2405.0
Colombia,Hybrid,870340,2022,56571348.01,2254974.26,914.0
Colombia,Hybrid,870340,2022,11360467.56,577743.0,278.0
Colombia,Hybrid,870340,2022,12115129.0,861924.0,680.0
Colombia,Hybrid,870340,2022,3976135.94,402040.0,437.0
Colombia,Hybrid,870340,2022,11886907.53,600840.0,289.0
Colombia,Hybrid,870340,2022,366200095.69,23027977.48,15384.0
Colombia,Hybrid,870340,2022,92659708.6,4476301.12,2290.0
Colombia,Hybrid,870340,2022,14257786.7,995837.0,779.0
Colombia,Hybrid,870340,2022,63831706.0,4946898.0,3694.0
Colombia,Hybrid,870340,2022,127500.0,4300.0,2.0
Colombia,Hybrid,870340,2022,34449.1,2270.0,1.0
Colombia,Hybrid,870340,2022,59850.0,1878.0,1.0
Colombia,Hybrid,870340,2022,32069505.75,1935679.0,1471.0
Colombia,Hybrid,870340,2022,3424130.16,174022.0,94.0
Colombia,Hybrid,870340,2022,35493635.91,2109701.0,1565.0
Colombia,Hybrid,870340,2023,65967.87,6520.0,4.0
Colombia,Hybrid,870340,2023,9631405.8,502450.0,293.0
Colombia,Hybrid,870340,2023,5838870.96,383558.0,280.0
Colombia,Hybrid,870340,2023,7067259.14,433540.0,316.0
Colombia,Hybrid,870340,2023,52977346.5,3066731.0,2345.0
Colombia,Hybrid,870340,2023,1754065.13,71960.0,36.0
Colombia,Hybrid,870340,2023,294650.81,14490.0,10.0
Colombia,Hybrid,870340,2023,28225128.04,968160.35,382.0
Colombia,Hybrid,870340,2023,59660705.88,3307300.96,2022.0
Colombia,Hybrid,870340,2023,87885833.92,4275461.31,2404.0
Colombia,Hybrid,870340,2023,155085639.12,10443835.0,7290.0
Colombia,Hybrid,870340,2023,9594107.39,406615.0,216.0
Colombia,Hybrid,870340,2023,212064.15,10453.87,3.0
Colombia,Hybrid,870340,2023,9619701.65,408504.0,217.0
Colombia,Hybrid,870340,2023,155130774.3,10446695.0,7292.0
Colombia,Hybrid,870340,2023,63703630.65,5430791.0,4762.0
Colombia,Hybrid,870340,2023,45135.18,2860.0,2.0
Colombia,Hybrid,870340,2023,323194231.03,20934883.96,15077.0
Colombia,Hybrid,870340,2023,90987702.52,5815667.22,4247.0
Colombia,Hybrid,870340,2023,414181933.55,26750551.18,19324.0
Colombia,Hybrid,870340,2023,62608752.3,3569181.0,2638.0
Colombia,Hybrid,870340,2023,12906130.1,817098.0,596.0
Colombia,Hybrid,870340,2023,146255.94,4725.0,2.0
Colombia,Hybrid,870340,2023,28099.46,2330.0,2.0
Colombia,Hybrid,870340,2023,25594.26,1889.0,1.0
Colombia,Hybrid,870340,2023,348638.8,15113.0,7.0
Colombia,Hybrid,870340,2023,29088023.76,2562764.0,2362.0
Colombia,Hybrid,870340,2023,7323794.5,612535.0,473.0
Colombia,Hybrid,870340,2023,34615606.89,2868027.0,2400.0
Colombia,Hybrid,870340,2023,838836.03,37789.0,19.0
Colombia,Hybrid,870340,2023,11314737.94,1026905.0,859.0
Colombia,Hybrid,870340,2023,18638532.44,1639440.0,1332.0
Colombia,Hybrid,870340,2023,1187474.83,52902.0,26.0
Colombia,Hybrid,870340,2024,527080.6,26082.0,18.0
Colombia,Hybrid,870340,2024,29606065.9,870705.05,328.0
Colombia,Hybrid,870340,2024,60157732.84,3056517.58,1850.0
Colombia,Hybrid,870340,2024,89833052.24,3930552.63,2179.0
Colombia,Hybrid,870340,2024,318212.51,10188.53,4.0
Colombia,Hybrid,870340,2024,77700.0,2538.0,1.0
Colombia,Hybrid,870340,2024,99297.86,2805.0,1.0
Colombia,Hybrid,870340,2024,84413.0,2280.0,1.0
Colombia,Hybrid,870340,2024,69253.5,3330.0,1.0
Colombia,Hybrid,870340,2024,23977.65,1430.0,1.0
Colombia,Hybrid,870340,2024,46738253.77,2613735.0,2044.0
Colombia,Hybrid,870340,2024,200953889.41,12868025.0,8989.0
Colombia,Hybrid,870340,2024,54697785.81,3304551.0,2202.0
Colombia,Hybrid,870340,2024,33640146.88,2444293.0,1502.0
Colombia,Hybrid,870340,2024,2065162.09,119775.0,95.0
Colombia,Hybrid,870340,2024,9843815.71,633080.0,340.0
Colombia,Hybrid,870340,2024,14656792.59,959872.0,638.0
Colombia,Hybrid,870340,2024,13855569.52,1081351.0,657.0
Colombia,Hybrid,870340,2024,770725.55,64200.0,30.0
Colombia,Hybrid,870340,2024,1237420.25,39095.0,20.0
Colombia,Hybrid,870340,2024,1170752.24,78204.0,42.0
Colombia,Hybrid,870340,2024,47495716.4,3525644.0,2159.0
Colombia,Hybrid,870340,2024,69354578.4,4264423.0,2840.0
Colombia,Hybrid,870340,2024,200977867.06,12869455.0,8990.0
Colombia,Hybrid,870340,2024,11014567.95,711284.0,382.0
Colombia,Hybrid,870340,2024,3263181.2,308954.46,206.0
Colombia,Hybrid,870340,2024,1458041.61,138000.0,120.0
Colombia,Hybrid,870340,2024,4721222.81,446954.46,326.0
Colombia,Hybrid,870340,2024,409654125.98,25180781.58,17143.0
Colombia,Hybrid,870340,2024,65591891.01,3444900.04,1946.0
Colombia,Hybrid,870340,2024,475315270.49,28629011.62,19090.0
Colombia,Hybrid,870340,2025,1174139.44,103270.0,49.0
Colombia,Hybrid,870340,2025,103363418.77,6383534.29,4660.0
Colombia,Hybrid,870340,2025,33608133.19,1016698.02,391.0
Colombia,Hybrid,870340,2025,64786354.42,4202755.66,2519.0
Colombia,Hybrid,870340,2025,4458017.38,375968.0,224.0
Colombia,Hybrid,870340,2025,948977.48,55410.0,30.0
Colombia,Hybrid,870340,2025,108197033.33,6726842.29,4904.0
Colombia,Hybrid,870340,2025,304816009.78,19740231.92,12503.0
Colombia,Hybrid,870340,2025,2843921.33,166230.0,90.0
Colombia,Hybrid,870340,2025,4607582.32,139168.94,52.0
Colombia,Hybrid,870340,2025,236766014.43,14675785.0,10253.0
Colombia,Hybrid,870340,2025,183829.6,8268.0,4.0
Colombia,Hybrid,870340,2025,71491.82,4140.0,3.0
Colombia,Hybrid,870340,2025,1785.89,1804.0,1.0
Colombia,Hybrid,870340,2025,47058.66,1950.0,1.0
Colombia,Hybrid,870340,2025,7920.66,2080.0,1.0
Colombia,Hybrid,870340,2025,27306.11,1862.0,1.0
Colombia,Hybrid,870340,2025,40325.05,1740.0,1.0
Colombia,Hybrid,870340,2025,31491.73,1661.52,1.0
Colombia,Hybrid,870340,2025,738018362.81,46565433.86,30960.0
Colombia,Hybrid,870340,2025,9349010.62,844000.0,457.0
Colombia,Hybrid,870340,2025,64618638.12,3324000.79,2031.0
Colombia,Hybrid,870340,2025,25394948.01,1475986.0,1138.0
Colombia,Hybrid,870340,2025,28402312.96,1830484.0,982.0
Colombia,Hybrid,870340,2025,236694522.61,14671645.0,10250.0
Colombia,Hybrid,870340,2025,240029655.36,15537476.26,9984.0
Colombia,Hybrid,870340,2025,452916.41,20030.0,9.0
Colombia,Hybrid,870340,2025,26517039.88,2258306.0,1337.0
Colombia,Hybrid,870340,2025,1894943.85,110820.0,60.0
Colombia,Hybrid,870340,2025,1617994.68,55916.3,29.0
Colombia,Hybrid,870340,2025,1270371.94,81928.0,44.0
Colombia,Hybrid,870340,2025,4833614.56,343308.0,244.0
Colombia,Hybrid,870340,2025,1642112.5,50897.5,20.0
Colombia,Hybrid,870340,2025,4984389.16,286637.0,221.0
Colombia,Hybrid,870340,2025,15158374.08,1423605.9,832.0
Colombia,Hybrid,870340,2025,138216165.44,8046800.32,4614.0
Colombia,Hybrid,870340,2025,2070911.09,75946.3,38.0
Colombia,Hybrid,870340,2025,30975057.26,2634274.0,1561.0
Colombia,Hybrid,870340,2025,1697112.5,53377.5,21.0
Colombia,Hybrid,870340,2025,28429619.07,1832346.0,983.0
Colombia,Hybrid,870340,2025,30379337.17,1762623.0,1359.0
Colombia,Hybrid,870340,2025,98410600.91,4348966.81,2426.0
Colombia,Hybrid,870340,2025,24507384.7,2267605.9,1289.0
Colombia,Hybrid,870340,2025,876418357.85,54620502.18,35578.0
Colombia,Hybrid,870340,2025,144680.59,2671.0,1.0
Colombia,Hybrid,870340,2025,55000.0,2480.0,1.0
Colombia,Combustion_pickup,870421,2021,158627440.2,14495629.61,6809.0
Colombia,Combustion_pickup,870421,2021,133008.48,15512.0,7.0
Colombia,Combustion_pickup,870421,2021,133746.48,13853.0,9.0
Colombia,Combustion_pickup,870421,2021,897382.11,93033.0,45.0
Colombia,Combustion_pickup,870421,2021,691775.48,67503.8,39.0
Colombia,Combustion_pickup,870421,2021,352093.61,56030.0,26.0
Colombia,Combustion_pickup,870421,2021,1030390.59,108545.0,52.0
Colombia,Combustion_pickup,870421,2021,825521.96,81356.8,48.0
Colombia,Combustion_pickup,870421,2021,104200.0,11268.0,6.0
Colombia,Combustion_pickup,870421,2021,429415.53,52516.0,38.0
Colombia,Combustion_pickup,870421,2021,5362210.59,464403.0,262.0
Colombia,Combustion_pickup,870421,2021,353188.58,37578.7,19.0
Colombia,Combustion_pickup,870421,2021,3176357.34,342144.0,184.0
Colombia,Combustion_pickup,870421,2021,7105126.68,727665.0,378.0
Colombia,Combustion_pickup,870421,2021,454800.14,50238.3,23.0
Colombia,Combustion_pickup,870421,2021,18136151.87,3327511.97,1712.0
Colombia,Combustion_pickup,870421,2021,187534.4,18456.02,9.0
Colombia,Combustion_pickup,870421,2021,866352.17,98755.68,70.0
Colombia,Combustion_pickup,870421,2021,103808911.31,8831326.28,4796.0
Colombia,Combustion_pickup,870421,2021,1687547.3,201857.0,116.0
Colombia,Combustion_pickup,870421,2021,25679801.38,2798777.02,1350.0
Colombia,Combustion_pickup,870421,2021,186237.64,19606.0,11.0
Colombia,Combustion_pickup,870421,2021,32739790.56,3105553.67,3114.0
Colombia,Combustion_pickup,870421,2021,8352322.0,695280.0,318.0
Colombia,Combustion_pickup,870421,2021,26965663.33,4722310.0,2365.0
Colombia,Combustion_pickup,870421,2021,574109.48,63723.3,29.0
Colombia,Combustion_pickup,870421,2021,3186567.14,343944.0,185.0
Colombia,Combustion_pickup,870421,2021,39844917.24,3833218.67,3492.0
Colombia,Combustion_pickup,870421,2021,263974.41,28278.0,15.0
Colombia,Combustion_pickup,870421,2021,109171121.9,9295729.28,5058.0
Colombia,Combustion_pickup,870421,2021,2040735.88,239435.7,135.0
Colombia,Combustion_pickup,870421,2021,1295767.7,151271.68,108.0
Colombia,Combustion_pickup,870421,2021,45101815.2,8049821.97,4077.0
Colombia,Combustion_pickup,870421,2021,288998.05,26896.02,12.0
Colombia,Combustion_pickup,870421,2021,119309.34,13485.0,6.0
Colombia,Combustion_pickup,870421,2021,37348280.9,5258090.22,2744.0
Colombia,Combustion_pickup,870421,2021,359517074.39,35034391.28,18982.0
Colombia,Combustion_pickup,870421,2021,396865355.29,40292481.5,21726.0
Colombia,Combustion_pickup,870421,2021,77736.77,8672.0,4.0
Colombia,Combustion_pickup,870421,2021,101463.65,8440.0,3.0
Colombia,Combustion_pickup,870421,2021,39000.0,3736.0,2.0
Colombia,Combustion_pickup,870421,2021,19850.0,2655.0,1.0
Colombia,Combustion_pickup,870421,2021,10209.8,1800.0,1.0
Colombia,Combustion_pickup,870421,2021,19200.0,2190.0,1.0
Colombia,Combustion_pickup,870421,2021,27635.66,2500.0,1.0
Colombia,Combustion_pickup,870421,2021,19892.89,2195.45,1.0
Colombia,Combustion_pickup,870421,2022,60907116.79,5421052.57,2656.0
Colombia,Combustion_pickup,870421,2022,188987.7,18801.0,9.0
Colombia,Combustion_pickup,870421,2022,75593297.96,7701045.59,6693.0
Colombia,Combustion_pickup,870421,2022,56704109.81,8621240.58,4313.0
Colombia,Combustion_pickup,870421,2022,38211287.82,6564397.03,3301.0
Colombia,Combustion_pickup,870421,2022,2048885.0,199068.0,106.0
Colombia,Combustion_pickup,870421,2022,3402009.66,344325.0,175.0
Colombia,Combustion_pickup,870421,2022,3867267.65,400168.0,189.0
Colombia,Combustion_pickup,870421,2022,4056255.35,418969.0,198.0
Colombia,Combustion_pickup,870421,2022,78995307.62,8045370.59,6868.0
Colombia,Combustion_pickup,870421,2022,94915397.63,15185637.61,7614.0
Colombia,Combustion_pickup,870421,2022,125949.86,11645.0,7.0
Colombia,Combustion_pickup,870421,2022,108939.51,9990.0,6.0
Colombia,Combustion_pickup,870421,2022,47601.0,5433.0,3.0
Colombia,Combustion_pickup,870421,2022,17010.35,1655.0,1.0
Colombia,Combustion_pickup,870421,2022,1336376.54,115866.0,61.0
Colombia,Combustion_pickup,870421,2022,74224396.76,6321246.0,3147.0
Colombia,Combustion_pickup,870421,2022,12385834.3,926995.0,397.0
Colombia,Combustion_pickup,870421,2022,204491225.48,16577365.0,7795.0
Colombia,Combustion_pickup,870421,2022,1936780.15,273829.0,146.0
Colombia,Combustion_pickup,870421,2022,226097.13,23827.0,14.0
Colombia,Combustion_pickup,870421,2022,449307.5,45500.0,25.0
Colombia,Combustion_pickup,870421,2022,138468.85,15663.0,7.0
Colombia,Combustion_pickup,870421,2022,204620463.14,16586077.0,7799.0
Colombia,Combustion_pickup,870421,2022,12835141.8,972495.0,422.0
Colombia,Combustion_pickup,870421,2022,234498.79,24542.0,11.0
Colombia,Combustion_pickup,870421,2022,1562473.67,139693.0,75.0
Colombia,Combustion_pickup,870421,2022,50440222.77,7880004.03,3969.0
Colombia,Combustion_pickup,870421,2022,486102886.79,45731313.74,25085.0
Colombia,Combustion_pickup,870421,2022,536543109.56,53611317.77,29054.0
Colombia,Combustion_pickup,870421,2022,96029.94,8879.0,4.0
Colombia,Combustion_pickup,870421,2022,129237.66,8712.0,4.0
Colombia,Combustion_pickup,870421,2022,32842.0,6260.0,2.0
Colombia,Combustion_pickup,870421,2022,18971.0,3400.0,1.0
Colombia,Combustion_pickup,870421,2022,13871.0,2860.0,1.0
Colombia,Combustion_pickup,870421,2023,176622.87,14045.0,7.0
Colombia,Combustion_pickup,870421,2023,11630113.55,845954.0,415.0
Colombia,Combustion_pickup,870421,2023,1507827.03,144015.0,69.0
Colombia,Combustion_pickup,870421,2023,19660524.47,1905243.0,983.0
Colombia,Combustion_pickup,870421,2023,339320512.27,25401060.05,12129.0
Colombia,Combustion_pickup,870421,2023,401264.96,25976.2,13.0
Colombia,Combustion_pickup,870421,2023,236533.64,24497.0,11.0
Colombia,Combustion_pickup,870421,2023,348844.87,27273.0,14.0
Colombia,Combustion_pickup,870421,2023,307430870.52,22033557.0,10132.0
Colombia,Combustion_pickup,870421,2023,13619024.03,1139459.65,873.0
Colombia,Combustion_pickup,870421,2023,319120911.83,22883777.0,10549.0
Colombia,Combustion_pickup,870421,2023,1744360.67,168512.0,80.0
Colombia,Combustion_pickup,870421,2023,359040964.5,27310569.05,13114.0
Colombia,Combustion_pickup,870421,2023,39600.0,4130.0,2.0
Colombia,Combustion_pickup,870421,2023,59927.76,4266.0,2.0
Colombia,Combustion_pickup,870421,2023,20400.0,2040.0,1.0
Colombia,Combustion_pickup,870421,2023,879856.66,78086.2,60.0
Colombia,Combustion_pickup,870421,2023,5544007.84,429426.0,213.0
Colombia,Combustion_pickup,870421,2023,10821555.75,1638245.0,811.0
Colombia,Combustion_pickup,870421,2023,311639.75,36729.0,16.0
Colombia,Combustion_pickup,870421,2023,5940895.26,853829.0,471.0
Colombia,Combustion_pickup,870421,2023,37154.0,5171.0,2.0
Colombia,Combustion_pickup,870421,2023,331039.75,38729.0,17.0
Colombia,Combustion_pickup,870421,2023,895282.67,79956.2,61.0
Colombia,Combustion_pickup,870421,2023,16762451.01,2492074.0,1282.0
Colombia,Combustion_pickup,870421,2023,19154.0,2540.0,1.0
Colombia,Combustion_pickup,870421,2023,18000.0,2631.0,1.0
Colombia,Combustion_pickup,870421,2023,15426.01,1870.0,1.0
Colombia,Combustion_pickup,870421,2023,19400.0,2000.0,1.0
Colombia,Combustion_pickup,870421,2024,39300.0,5000.0,2.0
Colombia,Combustion_pickup,870421,2024,3375553.68,230447.0,110.0
Colombia,Combustion_pickup,870421,2024,28378101.31,2154330.2,1013.0
Colombia,Combustion_pickup,870421,2024,405670.06,43382.0,19.0
Colombia,Combustion_pickup,870421,2024,20876127.19,2347757.04,1165.0
Colombia,Combustion_pickup,870421,2024,206169598.13,14504654.0,6683.0
Colombia,Combustion_pickup,870421,2024,2138702.81,204348.0,98.0
Colombia,Combustion_pickup,870421,2024,572582.51,47035.0,23.0
Colombia,Combustion_pickup,870421,2024,6057842.91,491530.0,245.0
Colombia,Combustion_pickup,870421,2024,4958472.93,348942.0,219.0
Colombia,Combustion_pickup,870421,2024,211128071.06,14853596.0,6902.0
Colombia,Combustion_pickup,870421,2024,26933970.1,2839287.04,1410.0
Colombia,Combustion_pickup,870421,2024,2544372.87,247730.0,117.0
Colombia,Combustion_pickup,870421,2024,3948136.19,277482.0,133.0
Colombia,Combustion_pickup,870421,2024,29534521.94,4592524.18,2303.0
Colombia,Combustion_pickup,870421,2024,28034943.01,4454482.08,2131.0
Colombia,Combustion_pickup,870421,2024,57569464.95,9047006.26,4434.0
Colombia,Combustion_pickup,870421,2024,288631527.95,23850223.32,11194.0
Colombia,Combustion_pickup,870421,2024,68669515.14,7776371.97,3931.0
Colombia,Combustion_pickup,870421,2024,357301043.09,31626595.29,15125.0
Colombia,Combustion_pickup,870421,2024,102067.85,8764.0,4.0
Colombia,Combustion_pickup,870421,2024,103400.66,6017.0,3.0
Colombia,Combustion_pickup,870421,2024,1132288.05,96422.0,64.0
Colombia,Combustion_pickup,870421,2024,828106.51,76381.0,53.0
Colombia,Combustion_pickup,870421,2024,23715126.76,1913386.56,946.0
Colombia,Combustion_pickup,870421,2024,751253.27,86685.23,38.0
Colombia,Combustion_pickup,870421,2024,1960394.56,172803.0,117.0
Colombia,Combustion_pickup,870421,2024,89583.51,10508.0,4.0
Colombia,Combustion_pickup,870421,2024,56205.5,8540.0,3.0
Colombia,Combustion_pickup,870421,2024,37800.0,4000.0,2.0
Colombia,Combustion_pickup,870421,2024,20400.0,2000.0,1.0
Colombia,Combustion_pickup,870421,2024,33378.01,1968.0,1.0
Colombia,Combustion_pickup,870421,2024,17400.0,2000.0,1.0
Colombia,Combustion_pickup,870421,2025,249697975.16,17738306.0,8219.0
Colombia,Combustion_pickup,870421,2025,42565690.02,4654535.0,2196.0
Colombia,Combustion_pickup,870421,2025,3560028.88,313470.0,215.0
Colombia,Combustion_pickup,870421,2025,8195023.36,675915.0,332.0
Colombia,Combustion_pickup,870421,2025,6711249.51,465812.0,233.0
Colombia,Combustion_pickup,870421,2025,34929770.69,6178829.3,2893.0
Colombia,Combustion_pickup,870421,2025,256409224.67,18204118.0,8452.0
Colombia,Combustion_pickup,870421,2025,532000.0,64465.0,27.0
Colombia,Combustion_pickup,870421,2025,78948236.37,13276328.84,6350.0
Colombia,Combustion_pickup,870421,2025,66306001.38,8650041.3,4123.0
Colombia,Combustion_pickup,870421,2025,384319061.54,33101479.22,15691.0
Colombia,Combustion_pickup,870421,2025,44018465.68,7097499.54,3457.0
Colombia,Combustion_pickup,870421,2025,5298994.05,492861.0,338.0
Colombia,Combustion_pickup,870421,2025,35071111.1,2522505.46,1185.0
Colombia,Combustion_pickup,870421,2025,2761156.4,177337.22,95.0
Colombia,Combustion_pickup,870421,2025,952737.44,117820.0,56.0
Colombia,Combustion_pickup,870421,2025,3786287.67,287539.0,140.0
Colombia,Combustion_pickup,870421,2025,12331002.59,949395.0,422.0
Colombia,Combustion_pickup,870421,2025,50760713.38,5330450.0,2528.0
Colombia,Combustion_pickup,870421,2025,16117290.26,1236934.0,562.0
Colombia,Combustion_pickup,870421,2025,8859022.93,806331.0,553.0
Colombia,Combustion_pickup,870421,2025,84221.25,8445.0,3.0
Colombia,Combustion_pickup,870421,2025,51522.46,2500.0,1.0
Colombia,Combustion_pickup,870421,2025,46926.35,2155.0,1.0
Colombia,Combustion_pickup,870421,2025,30900.31,2131.0,1.0
Colombia,Combustion_pickup,870421,2025,450625062.92,41751520.52,19814.0
Colombia,Lithium_battery,850760,2021,1442.99,11.46,250.0
Colombia,Lithium_battery,850760,2021,24062.9,34.61,44.0
Colombia,Lithium_battery,850760,2021,3627.0,41.8,103.0
Colombia,Lithium_battery,850760,2021,7574.31,56.95,300.0
Colombia,Lithium_battery,850760,2021,15663.61,709.63,63.0
Colombia,Lithium_battery,850760,2021,53539.43,103.75,167.0
Colombia,Lithium_battery,850760,2021,14599.7,120.83,164.0
Colombia,Lithium_battery,850760,2021,310731.83,2312.2,28001.0
Colombia,Lithium_battery,850760,2021,37526.04,346.08,92.0
Colombia,Lithium_battery,850760,2021,20228.38,598.66,16.0
Colombia,Lithium_battery,850760,2021,46933.56,915.99,146.0
Colombia,Lithium_battery,850760,2021,40654.89,577.93,630.0
Colombia,Lithium_battery,850760,2021,15630.87,156.63,7.0
Colombia,Lithium_battery,850760,2021,4100388.1,134794.97,146042.0
Colombia,Lithium_battery,850760,2021,1291016.74,54820.75,53703.0
Colombia,Lithium_battery,850760,2021,23851.1,41.78,97.0
Colombia,Lithium_battery,850760,2021,56479.75,474.0,3858.0
Colombia,Lithium_battery,850760,2021,128924.03,894.89,3300.0
Colombia,Lithium_battery,850760,2021,58685.85,232.65,9.0
Colombia,Lithium_battery,850760,2021,9488.3,21.52,16.0
Colombia,Lithium_battery,850760,2021,135254.99,12887.42,7373.0
Colombia,Lithium_battery,850760,2021,41153.04,387.88,195.0
Colombia,Lithium_battery,850760,2021,104856.3,1401.45,4254.0
Colombia,Lithium_battery,850760,2021,82748.75,267.26,53.0
Colombia,Lithium_battery,850760,2021,103682.62,703.2,813.0
Colombia,Lithium_battery,850760,2021,5702136.67,191927.92,227746.0
Colombia,Lithium_battery,850760,2021,54081.67,319.24,268.0
Colombia,Lithium_battery,850760,2021,57998.87,5760.0,5.0
Colombia,Lithium_battery,850760,2021,924.86,2.33,5.0
Colombia,Lithium_battery,850760,2021,563.05,14.4,4.0
Colombia,Lithium_battery,850760,2021,31374.78,30.64,303.0
Colombia,Lithium_battery,850760,2021,6363.21,23.74,21.0
Colombia,Lithium_battery,850760,2021,23631.38,70.53,188.0
Colombia,Lithium_battery,850760,2021,24995.33,36.17,80.0
Colombia,Lithium_battery,850760,2021,42942.49,196.08,120.0
Colombia,Lithium_battery,850760,2021,8256.45,40.56,720.0
Colombia,Lithium_battery,850760,2021,26533.86,62.14,102.0
Colombia,Lithium_battery,850760,2021,194748.84,1379.05,1055.0
Colombia,Lithium_battery,850760,2021,7658.9,15.3,12.0
Colombia,Lithium_battery,850760,2021,22536.3,90.82,184.0
Colombia,Lithium_battery,850760,2021,90479.67,351.61,2978.0
Colombia,Lithium_battery,850760,2021,40307.54,209.08,403.0
Colombia,Lithium_battery,850760,2021,7693.19,58.0,313.0
Colombia,Lithium_battery,850760,2021,45966.9,236.7,927.0
Colombia,Lithium_battery,850760,2021,1683.6,8.23,213.0
Colombia,Lithium_battery,850760,2021,400506.71,8248.55,9491.0
Colombia,Lithium_battery,850760,2021,2868047.44,23139.9,65794.0
Colombia,Lithium_battery,850760,2021,212397.3,3828.34,20431.0
Colombia,Lithium_battery,850760,2021,15369.64,695.75,1161.0
Colombia,Lithium_battery,850760,2021,83523.88,955.05,384.0
Colombia,Lithium_battery,850760,2021,25204.49,82.97,360.0
Colombia,Lithium_battery,850760,2021,38.93,4.23,20.0
Colombia,Lithium_battery,850760,2021,26497.82,468.4,507.0
Colombia,Lithium_battery,850760,2021,68690.19,4047.49,791.0
Colombia,Lithium_battery,850760,2021,19517.9,154.85,700.0
Colombia,Lithium_battery,850760,2021,94591.45,839.99,7895.0
Colombia,Lithium_battery,850760,2021,52908.85,1068.3,600.0
Colombia,Lithium_battery,850760,2021,9420.71,61.27,200.0
Colombia,Lithium_battery,850760,2021,9866.15,12.87,118.0
Colombia,Lithium_battery,850760,2021,13698.55,77.8,1012.0
Colombia,Lithium_battery,850760,2021,0.63,0.04,55.0
Colombia,Lithium_battery,850760,2021,783229.4,9713.15,25064.0
Colombia,Lithium_battery,850760,2021,5879351.02,322580.14,287694.0
Colombia,Lithium_battery,850760,2021,576513.49,22424.73,7194.0
Colombia,Lithium_battery,850760,2021,490250.45,21797.53,8823.0
Colombia,Lithium_battery,850760,2021,64675.94,1520.7,399.0
Colombia,Lithium_battery,850760,2021,39927.33,4859.37,5729.0
Colombia,Lithium_battery,850760,2021,52360.79,502.35,651.0
Colombia,Lithium_battery,850760,2021,33314.88,343.24,26.0
Colombia,Lithium_battery,850760,2021,263608.44,6236.45,2922.0
Colombia,Lithium_battery,850760,2021,44736.16,1300.31,23.0
Colombia,Lithium_battery,850760,2021,27062.5,562.07,390.0
Colombia,Lithium_battery,850760,2021,177948.35,4320.0,96.0
Colombia,Lithium_battery,850760,2021,5793.61,222.82,73.0
Colombia,Lithium_battery,850760,2021,177730.66,5082.33,237.0
Colombia,Lithium_battery,850760,2021,12659.59,250.11,228.0
Colombia,Lithium_battery,850760,2021,6367.02,231.32,2139.0
Colombia,Lithium_battery,850760,2021,25771.93,4554.31,14.0
Colombia,Lithium_battery,850760,2021,93525.28,4852.9,39736.0
Colombia,Lithium_battery,850760,2021,17957214.95,787014.47,490715.0
Colombia,Lithium_battery,850760,2021,3841.91,27.0,7.0
Colombia,Lithium_battery,850760,2021,4764.87,28.4,63.0
Colombia,Lithium_battery,850760,2021,13088.86,251.24,230.0
Colombia,Lithium_battery,850760,2021,7599.27,233.48,2144.0
Colombia,Lithium_battery,850760,2021,8780.65,25.53,18.0
Colombia,Lithium_battery,850760,2021,33052.09,131.8,388.0
Colombia,Lithium_battery,850760,2021,65065.67,1314.86,694.0
Colombia,Lithium_battery,850760,2021,212592.14,5131.37,435.0
Colombia,Lithium_battery,850760,2021,50892.68,185.49,1003.0
Colombia,Lithium_battery,850760,2021,94547.72,8602.0,807.0
Colombia,Lithium_battery,850760,2021,96502.81,1226.55,1017.0
Colombia,Lithium_battery,850760,2021,160420.32,1734.89,3361.0
Colombia,Lithium_battery,850760,2021,541881.16,8570.55,4361.0
Colombia,Lithium_battery,850760,2021,95604.51,5764.2,7293.0
Colombia,Lithium_battery,850760,2021,102776.12,1580.53,845.0
Colombia,Lithium_battery,850760,2021,79281.78,579.94,953.0
Colombia,Lithium_battery,850760,2022,3551.65,14.76,198.0
Colombia,Lithium_battery,850760,2022,98385.09,309.72,2954.0
Colombia,Lithium_battery,850760,2022,95051.51,134.49,20.0
Colombia,Lithium_battery,850760,2022,10126.34,71.1,12.0
Colombia,Lithium_battery,850760,2022,90.04,0.13,20.0
Colombia,Lithium_battery,850760,2022,718.45,2.37,90.0
Colombia,Lithium_battery,850760,2022,13630.23,56.12,186.0
Colombia,Lithium_battery,850760,2022,54233.39,195.56,239.0
Colombia,Lithium_battery,850760,2022,1758.19,3.3,11.0
Colombia,Lithium_battery,850760,2022,13460.18,75.37,28.0
Colombia,Lithium_battery,850760,2022,21422.57,45.63,122.0
Colombia,Lithium_battery,850760,2022,53279.12,1403.93,75.0
Colombia,Lithium_battery,850760,2022,25432.69,75.6,400.0
Colombia,Lithium_battery,850760,2022,29917.23,261.2,43.0
Colombia,Lithium_battery,850760,2022,52809.53,436.91,160.0
Colombia,Lithium_battery,850760,2022,640460.2,4344.22,32402.0
Colombia,Lithium_battery,850760,2022,11252.79,189.41,326.0
Colombia,Lithium_battery,850760,2022,10106.92,6.04,99.0
Colombia,Lithium_battery,850760,2022,18066.91,55.08,392.0
Colombia,Lithium_battery,850760,2022,613504.58,16833.8,40866.0
Colombia,Lithium_battery,850760,2022,28841.24,92.7,1977.0
Colombia,Lithium_battery,850760,2022,219990.74,2339.45,1174.0
Colombia,Lithium_battery,850760,2022,148260.32,5091.35,15712.0
Colombia,Lithium_battery,850760,2022,1111269.34,50579.41,82471.0
Colombia,Lithium_battery,850760,2022,53517.82,878.62,1420.0
Colombia,Lithium_battery,850760,2022,805.54,111.94,41.0
Colombia,Lithium_battery,850760,2022,247503.55,3120.43,13242.0
Colombia,Lithium_battery,850760,2022,143567.89,1754.43,2024.0
Colombia,Lithium_battery,850760,2022,148476.57,2605.01,4016.0
Colombia,Lithium_battery,850760,2022,105697.0,1690.78,1550.0
Colombia,Lithium_battery,850760,2022,31341.42,192.0,1100.0
Colombia,Lithium_battery,850760,2022,48571.31,2167.97,19498.0
Colombia,Lithium_battery,850760,2022,508559.69,4994.3,2190.0
Colombia,Lithium_battery,850760,2022,575268.83,8275.76,1019.0
Colombia,Lithium_battery,850760,2022,8159.59,376.17,691.0
Colombia,Lithium_battery,850760,2022,1132134.1,44372.36,1768.0
Colombia,Lithium_battery,850760,2022,24204028.18,1212928.13,726861.0
Colombia,Lithium_battery,850760,2022,8752237.95,480934.75,179662.0
Colombia,Lithium_battery,850760,2022,365727.02,9310.04,1954.0
Colombia,Lithium_battery,850760,2022,439712.5,4941.05,33441.0
Colombia,Lithium_battery,850760,2022,45176.35,4329.2,3684.0
Colombia,Lithium_battery,850760,2022,1394145.19,60928.47,51294.0
Colombia,Lithium_battery,850760,2022,9696.95,563.94,202.0
Colombia,Lithium_battery,850760,2022,17998.02,90.71,35.0
Colombia,Lithium_battery,850760,2022,28117.7,205.16,701.0
Colombia,Lithium_battery,850760,2022,56216.15,1531.91,1962.0
Colombia,Lithium_battery,850760,2022,263306.2,3881.14,5125.0
Colombia,Lithium_battery,850760,2022,43573.07,919.54,830.0
Colombia,Lithium_battery,850760,2022,1294.29,39.29,15.0
Colombia,Lithium_battery,850760,2022,1962.76,8.37,286.0
Colombia,Lithium_battery,850760,2022,1256.83,7.02,100.0
Colombia,Lithium_battery,850760,2022,10698.63,38.0,50.0
Colombia,Lithium_battery,850760,2022,74442.27,2202.5,826.0
Colombia,Lithium_battery,850760,2022,87684.23,611.08,6107.0
Colombia,Lithium_battery,850760,2022,9090.38,75.14,40.0
Colombia,Lithium_battery,850760,2022,4378.35,70.0,14.0
Colombia,Lithium_battery,850760,2022,11420.63,110.39,27.0
Colombia,Lithium_battery,850760,2022,2322.05,4.35,93.0
Colombia,Lithium_battery,850760,2022,14887.06,63.14,286.0
Colombia,Lithium_battery,850760,2022,703944.49,10673.82,2084.0
Colombia,Lithium_battery,850760,2022,22693.08,150.82,71.0
Colombia,Lithium_battery,850760,2022,2052.8,8.5,306.0
Colombia,Lithium_battery,850760,2022,53100.93,238.6,1223.0
Colombia,Lithium_battery,850760,2022,87786.57,611.35,6111.0
Colombia,Lithium_battery,850760,2022,410425.74,5650.33,7347.0
Colombia,Lithium_battery,850760,2022,109495.27,2935.84,2037.0
Colombia,Lithium_battery,850760,2022,252879.63,3192.11,13266.0
Colombia,Lithium_battery,850760,2022,247655.16,2920.04,5334.0
Colombia,Lithium_battery,850760,2022,561369.22,5431.21,2350.0
Colombia,Lithium_battery,850760,2022,56074.84,728.08,769.0
Colombia,Lithium_battery,850760,2022,194661.18,2865.25,5109.0
Colombia,Lithium_battery,850760,2022,56088.81,4447.18,3824.0
Colombia,Lithium_battery,850760,2022,3145874.73,115852.1,166167.0
Colombia,Lithium_battery,850760,2022,92056.01,1535.26,3599.0
Colombia,Lithium_battery,850760,2022,599225.61,10221.81,49479.0
Colombia,Lithium_battery,850760,2022,177011.87,1194.97,1274.0
Colombia,Lithium_battery,850760,2022,33569770.71,1710696.68,947389.0
Colombia,Lithium_battery,850760,2022,1717851.86,56021.85,4896.0
Colombia,Lithium_battery,850760,2022,997.73,1.68,10.0
Colombia,Lithium_battery,850760,2022,14.72,0.05,8.0
Colombia,Lithium_battery,850760,2022,4881.37,18.04,6.0
Colombia,Lithium_battery,850760,2022,302.29,0.36,4.0
Colombia,Lithium_battery,850760,2022,3461.66,5.44,4.0
Colombia,Lithium_battery,850760,2022,102.34,0.27,4.0
Colombia,Lithium_battery,850760,2022,43.46,0.15,4.0
Colombia,Lithium_battery,850760,2022,142.52,0.31,3.0
Colombia,Lithium_battery,850760,2022,1603.6,1.98,3.0
Colombia,Lithium_battery,850760,2022,1419.71,12.6,2.0
Colombia,Lithium_battery,850760,2022,336.94,0.97,1.0
Colombia,Lithium_battery,850760,2023,6647.65,25.94,20.0
Colombia,Lithium_battery,850760,2023,50497.49,183.68,279.0
Colombia,Lithium_battery,850760,2023,1275.69,20.7,16.0
Colombia,Lithium_battery,850760,2023,22703.93,38.5,276.0
Colombia,Lithium_battery,850760,2023,2777.65,3.03,14.0
Colombia,Lithium_battery,850760,2023,2175.91,14.85,33.0
Colombia,Lithium_battery,850760,2023,1128.49,3.44,125.0
Colombia,Lithium_battery,850760,2023,65085.59,12.5,9.0
Colombia,Lithium_battery,850760,2023,580463.01,4047.16,41057.0
Colombia,Lithium_battery,850760,2023,178844.46,1928.29,950.0
Colombia,Lithium_battery,850760,2023,46333.31,323.0,157.0
Colombia,Lithium_battery,850760,2023,150080.82,715.79,1441.0
Colombia,Lithium_battery,850760,2023,2327.86,20.0,6.0
Colombia,Lithium_battery,850760,2023,1356.24,112.29,49.0
Colombia,Lithium_battery,850760,2023,471002.82,19567.4,1346.0
Colombia,Lithium_battery,850760,2023,3820.59,22.5,6.0
Colombia,Lithium_battery,850760,2023,100836.36,3340.75,14696.0
Colombia,Lithium_battery,850760,2023,137047.33,2620.0,10.0
Colombia,Lithium_battery,850760,2023,16946.96,141.0,928.0
Colombia,Lithium_battery,850760,2023,860559.48,28195.51,78494.0
Colombia,Lithium_battery,850760,2023,574493.1,11694.55,4175.0
Colombia,Lithium_battery,850760,2023,10284.97,76.84,20.0
Colombia,Lithium_battery,850760,2023,195115.28,29547.84,24935.0
Colombia,Lithium_battery,850760,2023,459985.83,6058.04,33652.0
Colombia,Lithium_battery,850760,2023,44306.86,183.38,396.0
Colombia,Lithium_battery,850760,2023,839735.74,26023.42,56588.0
Colombia,Lithium_battery,850760,2023,289023.03,4480.1,2637.0
Colombia,Lithium_battery,850760,2024,398.39,0.14,1.0
Colombia,Lithium_battery,850760,2024,1548.89,1080.0,1.0
Colombia,Lithium_battery,850760,2024,38.06,0.14,1.0
Colombia,Lithium_battery,850760,2024,96.26,0.22,7.0
Colombia,Lithium_battery,850760,2024,3173.52,32.4,7.0
Colombia,Lithium_battery,850760,2024,10470.89,96.37,542.0
Colombia,Lithium_battery,850760,2024,41498.52,93.08,17.0
Colombia,Lithium_battery,850760,2024,53201.76,1569.8,4601.0
Colombia,Lithium_battery,850760,2024,4500.17,4.73,9.0
Colombia,Lithium_battery,850760,2024,51.74,5.0,22.0
Colombia,Lithium_battery,850760,2024,3779.37,5.93,16.0
Colombia,Lithium_battery,850760,2024,947.57,7.86,35.0
Colombia,Lithium_battery,850760,2024,18211.25,49.5,100.0
Colombia,Lithium_battery,850760,2024,20196.68,29.52,38.0
Colombia,Lithium_battery,850760,2024,32999.73,51.89,230.0
Colombia,Lithium_battery,850760,2024,5991.04,9.7,42.0
Colombia,Lithium_battery,850760,2024,3314.37,2.81,23.0
Colombia,Lithium_battery,850760,2024,657.44,4.04,16.0
Colombia,Lithium_battery,850760,2024,413.66,0.51,20.0
Colombia,Lithium_battery,850760,2024,3626.32,49.79,9.0
Colombia,Lithium_battery,850760,2024,9465.16,39.51,26.0
Colombia,Lithium_battery,850760,2024,106629.92,348.65,795.0
Colombia,Lithium_battery,850760,2024,26686.5,122.52,93.0
Colombia,Lithium_battery,850760,2024,70101.96,1134.69,136.0
Colombia,Lithium_battery,850760,2024,58269.22,358.46,947.0
Colombia,Lithium_battery,850760,2024,140121.42,734.21,94.0
Colombia,Lithium_battery,850760,2024,200299.63,5850.28,7980.0
Colombia,Lithium_battery,850760,2024,684882.25,13357.8,20893.0
Colombia,Lithium_battery,850760,2024,32422.47,1977.4,419.0
Colombia,Lithium_battery,850760,2024,72114.16,890.23,96.0
Colombia,Lithium_battery,850760,2024,52919.34,1864.15,22.0
Colombia,Lithium_battery,850760,2024,450.14,96.28,200.0
Colombia,Lithium_battery,850760,2024,938446.75,37839.96,83.0
Colombia,Lithium_battery,850760,2024,84953.0,4172.22,2072.0
Colombia,Lithium_battery,850760,2024,101953.24,6512.74,20.0
Colombia,Lithium_battery,850760,2024,299800.2,30535.8,595.0
Colombia,Lithium_battery,850760,2024,376492.3,19493.74,7141.0
Colombia,Lithium_battery,850760,2024,445315.15,6941.94,50451.0
Colombia,Lithium_battery,850760,2024,8444.15,319.25,87.0
Colombia,Lithium_battery,850760,2024,245756.78,7704.33,4521.0
Colombia,Lithium_battery,850760,2024,16444.85,66.1,136.0
Colombia,Lithium_battery,850760,2024,154149.46,3078.89,130.0
Colombia,Lithium_battery,850760,2024,8574.68,14.4,40.0
Colombia,Lithium_battery,850760,2024,32583.33,105.85,680.0
Colombia,Lithium_battery,850760,2024,152763.05,1381.5,7710.0
Colombia,Lithium_battery,850760,2024,14446.47,44.46,60.0
Colombia,Lithium_battery,850760,2024,17218.61,33.02,74.0
Colombia,Lithium_battery,850760,2024,1449.46,77.5,150.0
Colombia,Lithium_battery,850760,2024,17527.22,298.4,302.0
Colombia,Lithium_battery,850760,2024,2929.71,14.55,15.0
Colombia,Lithium_battery,850760,2024,81293.7,1402.0,16682.0
Colombia,Lithium_battery,850760,2024,5459720.42,44431.65,92658.0
Colombia,Lithium_battery,850760,2024,1541304.11,19658.75,46286.0
Colombia,Lithium_battery,850760,2024,1834336.63,40612.68,22682.0
Colombia,Lithium_battery,850760,2024,8835361.16,104703.08,161626.0
Colombia,Lithium_battery,850760,2024,880076.67,26794.14,58539.0
Colombia,Lithium_battery,850760,2024,448365.77,31589.26,776.0
Colombia,Lithium_battery,850760,2024,516158.37,14689.3,12637.0
Colombia,Lithium_battery,850760,2024,52040.84,2075.9,562.0
Colombia,Lithium_battery,850760,2024,892233.47,18006.49,25624.0
Colombia,Lithium_battery,850760,2024,88180.52,2001.07,155.0
Colombia,Lithium_battery,850760,2024,93760.3,997.25,284.0
Colombia,Lithium_battery,850760,2024,676.33,2.85,21.0
Colombia,Lithium_battery,850760,2024,110084.14,375.2,812.0
Colombia,Lithium_battery,850760,2024,128945.62,6850.65,348.0
Colombia,Lithium_battery,850760,2024,1101680.69,39317.83,8335.0
Colombia,Lithium_battery,850760,2024,126451.52,4265.3,2089.0
Colombia,Lithium_battery,850760,2024,2333.49,32.72,23.0
Colombia,Lithium_battery,850760,2024,20997.98,38.95,90.0
Colombia,Lithium_battery,850760,2025,151957.34,1113.86,8735.0
Colombia,Lithium_battery,850760,2025,125359.66,386.66,433.0
Colombia,Lithium_battery,850760,2025,56416.62,74.43,396.0
Colombia,Lithium_battery,850760,2025,162834.79,120.47,334.0
Colombia,Lithium_battery,850760,2025,6268.17,5.4,100.0
Colombia,Lithium_battery,850760,2025,47070.61,263.0,27.0
Colombia,Lithium_battery,850760,2025,166712.53,1260.37,1035.0
Colombia,Lithium_battery,850760,2025,22212.9,104.86,74.0
Colombia,Lithium_battery,850760,2025,540519.67,9938.29,3949.0
Colombia,Lithium_battery,850760,2025,23438.39,2363.11,15.0
Colombia,Lithium_battery,850760,2025,274054.73,5240.0,20.0
Colombia,Lithium_battery,850760,2025,861.73,97.73,22.0
Colombia,Lithium_battery,850760,2025,129166.74,12400.0,320.0
Colombia,Lithium_battery,850760,2025,100278.16,1086.67,113.0
Colombia,Lithium_battery,850760,2025,972520.58,18850.57,74709.0
Colombia,Lithium_battery,850760,2025,3166969.62,106966.9,21500.0
Colombia,Lithium_battery,850760,2025,70068.57,1163.75,275.0
Colombia,Lithium_battery,850760,2025,21277.93,91.0,140.0
Colombia,Lithium_battery,850760,2025,10217.3,133.25,966.0
Colombia,Lithium_battery,850760,2025,4960.52,15.13,36.0
Colombia,Lithium_battery,850760,2025,812273.44,15668.95,30740.0
Colombia,Lithium_battery,850760,2025,204563.13,2519.88,561.0
Colombia,Lithium_battery,850760,2025,201006.35,2672.99,908.0
Colombia,Lithium_battery,850760,2025,7196.27,59.36,101.0
Colombia,Lithium_battery,850760,2025,49459.59,815.07,192.0
Colombia,Lithium_battery,850760,2025,390374.77,2543.21,3991.0
Colombia,Lithium_battery,850760,2025,2323893.22,48804.37,9225.0
Colombia,Lithium_battery,850760,2025,81172.22,1495.14,2061.0
Colombia,Lithium_battery,850760,2025,10227811.3,63119.52,343325.0
Colombia,Lithium_battery,850760,2025,6452.6,50.0,5.0
Colombia,General_auto_parts,8708,2021,1996925.88,66846.891,66846.891
Colombia,General_auto_parts,8708,2021,730660.77,14079.201,14079.201
Colombia,General_auto_parts,8708,2022,4460344.49,712669.47,712669.47
Colombia,General_auto_parts,8708,2022,6480235.22,574641.94,574641.94
Colombia,General_auto_parts,8708,2022,4490764.66,483310.13,483310.13
Colombia,General_auto_parts,8708,2022,130337394.5,30996986.95,30996986.95
Colombia,General_auto_parts,8708,2022,5531415.22,652789.29,652789.29
Colombia,General_auto_parts,8708,2022,79755741.7,11477552.68,11477552.68
Colombia,General_auto_parts,8708,2022,17365879.18,1198713.69,1198713.69
Colombia,General_auto_parts,8708,2022,25661822.01,2919228.89,2919228.89
Colombia,General_auto_parts,8708,2022,42722054.77,4210673.55,4210673.55
Colombia,General_auto_parts,8708,2022,584556.67,555682.16,555682.16
Colombia,General_auto_parts,8708,2022,2153987.83,110561.73,110561.73
Colombia,General_auto_parts,8708,2022,224369.27,33652.84,33652.84
Colombia,General_auto_parts,8708,2022,291914.55,9602.48,9602.48
Colombia,General_auto_parts,8708,2022,20889.11,2151.77,2151.77
Colombia,General_auto_parts,8708,2022,22576.28,48297.78,48297.78
Colombia,General_auto_parts,8708,2022,126232.53,16755.76,16755.76
Colombia,General_auto_parts,8708,2022,1394550.97,70996.33,70996.33
Colombia,General_auto_parts,8708,2022,51357.95,2633.88,2633.88
Colombia,General_auto_parts,8708,2022,155868.06,10196.5,10196.5
Colombia,General_auto_parts,8708,2022,1051664.13,41578.46,41578.46
Colombia,General_auto_parts,8708,2022,947273.5,120567.84,120567.84
Colombia,General_auto_parts,8708,2022,128714.78,6105.59,6105.59
Colombia,General_auto_parts,8708,2022,34883.33,3179.5,3179.5
Colombia,General_auto_parts,8708,2022,1404317.81,228202.38,228202.38
Colombia,General_auto_parts,8708,2022,21214.86,738.5,738.5
Colombia,General_auto_parts,8708,2022,2216.41,15.42,15.42
Colombia,General_auto_parts,8708,2022,732.58,43.19,43.19
Colombia,General_auto_parts,8708,2022,53804.51,2290.67,2290.67
Colombia,General_auto_parts,8708,2022,60083.65,771.55,771.55
Colombia,General_auto_parts,8708,2022,200.44,3.44,3.44
Colombia,General_auto_parts,8708,2022,71300.1,857.78,857.78
Colombia,General_auto_parts,8708,2022,351138.45,5782.98,5782.98
Colombia,General_auto_parts,8708,2022,8031.71,52.69,52.69
Colombia,General_auto_parts,8708,2022,13396.66,275.55,275.55
Colombia,General_auto_parts,8708,2022,260457.01,6212.42,6212.42
Colombia,General_auto_parts,8708,2022,1644.68,47.7,47.7
Colombia,General_auto_parts,8708,2022,37365.76,555.56,555.56
Colombia,General_auto_parts,8708,2022,418004.29,7192.73,7192.73
Colombia,General_auto_parts,8708,2022,1748935.5,40286.48,40286.48
Colombia,General_auto_parts,8708,2022,83379.11,1265.95,1265.95
Colombia,General_auto_parts,8708,2022,208708.92,4118.45,4118.45
Colombia,General_auto_parts,8708,2022,19063.47,176.85,176.85
Colombia,General_auto_parts,8708,2022,2622720.68,74870.32,74870.32
Colombia,General_auto_parts,8708,2022,1944367.02,424291.55,424291.55
Colombia,General_auto_parts,8708,2022,17879661.82,1121603.0,1121603.0
Colombia,General_auto_parts,8708,2022,337607.07,10056.51,10056.51
Colombia,General_auto_parts,8708,2022,2373863.84,108967.86,108967.86
Colombia,General_auto_parts,8708,2022,264826.77,6371.93,6371.93
Colombia,General_auto_parts,8708,2022,338.09,9.17,9.17
Colombia,General_auto_parts,8708,2022,1472.13,27.77,27.77
Colombia,General_auto_parts,8708,2022,19554.92,1683.67,1683.67
Colombia,General_auto_parts,8708,2022,410671.09,13160.89,13160.89
Colombia,General_auto_parts,8708,2022,17442.56,181.49,181.49
Colombia,General_auto_parts,8708,2022,4458258.13,431514.15,431514.15
Colombia,General_auto_parts,8708,2022,19448.52,410.99,410.99
Colombia,General_auto_parts,8708,2022,89518.49,2061.21,2061.21
Colombia,General_auto_parts,8708,2022,13304217.7,417059.37,417059.37
Colombia,General_auto_parts,8708,2022,908276.57,66786.47,66786.47
Colombia,General_auto_parts,8708,2022,163404.67,4895.99,4895.99
Colombia,General_auto_parts,8708,2022,464936.58,20525.43,20525.43
Colombia,General_auto_parts,8708,2022,253444.2,30115.12,30115.12
Colombia,General_auto_parts,8708,2022,5976114.51,626207.25,626207.25
Colombia,General_auto_parts,8708,2022,31048585.89,6236300.61,6236300.61
Colombia,General_auto_parts,8708,2022,1614651.2,120249.63,120249.63
Colombia,General_auto_parts,8708,2022,721603.33,30454.11,30454.11
Colombia,General_auto_parts,8708,2022,9187363.77,263630.38,263630.38
Colombia,General_auto_parts,8708,2023,19354269.55,995747.08,995747.08
Colombia,General_auto_parts,8708,2023,6182277.46,461707.6,461707.6
Colombia,General_auto_parts,8708,2023,83882104.68,4847737.99,4847737.99
Colombia,General_auto_parts,8708,2023,109418651.69,6305192.67,6305192.67
Colombia,General_auto_parts,8708,2025,47732303.12,4675067.276,4675067.276
Colombia,General_auto_parts,8708,2025,17209933.45,884348.573,884348.573
Colombia,General_auto_parts,8708,2025,53285063.57,2440098.721,2440098.721
Colombia,General_auto_parts,8708,2025,537368453.07,77936511.734,77936511.734
Argentina,EV_100pct,870380,2021,101449.44,2465.0,1.0
Argentina,EV_100pct,870380,2021,35341.6,1504.0,4.0
Argentina,EV_100pct,870380,2021,159468.42,7875.0,5.0
Argentina,EV_100pct,870380,2021,407784.51,24118.0,14.0
Argentina,EV_100pct,870380,2021,138122.07,30394.89,396.0
Argentina,EV_100pct,870380,2021,842166.04,66356.89,420.0
Argentina,EV_100pct,870380,2022,2156225.24,119102.2,116.0
Argentina,EV_100pct,870380,2022,108930.04,3700.0,2.0
Argentina,EV_100pct,870380,2022,193559.49,8671.0,4.0
Argentina,EV_100pct,870380,2022,108497.52,2465.0,1.0
Argentina,EV_100pct,870380,2022,183164.76,24385.2,52.0
Argentina,EV_100pct,870380,2022,6591.38,1380.0,6.0
Argentina,EV_100pct,870380,2022,2635.09,26.0,1.0
Argentina,EV_100pct,870380,2022,15007.91,1300.0,1.0
Argentina,EV_100pct,870380,2022,1537839.05,77175.0,49.0
Argentina,EV_100pct,870380,2023,12268481.36,749795.65,1670.0
Argentina,EV_100pct,870380,2023,1014142.38,145475.65,1364.0
Argentina,EV_100pct,870380,2023,729827.5,81705.0,39.0
Argentina,EV_100pct,870380,2023,2081521.15,77760.0,31.0
Argentina,EV_100pct,870380,2023,4430365.07,268821.0,153.0
Argentina,EV_100pct,870380,2023,3434197.67,143703.0,63.0
Argentina,EV_100pct,870380,2023,328289.57,17080.0,11.0
Argentina,EV_100pct,870380,2023,203448.27,13544.0,8.0
Argentina,EV_100pct,870380,2023,46689.75,1707.0,1.0
Argentina,EV_100pct,870380,2024,9821.43,2070.0,9.0
Argentina,EV_100pct,870380,2024,2180138.85,91643.0,40.0
Argentina,EV_100pct,870380,2024,4891508.1,295176.0,168.0
Argentina,EV_100pct,870380,2024,8707644.31,500639.0,275.0
Argentina,EV_100pct,870380,2024,666415.71,31089.0,14.0
Argentina,EV_100pct,870380,2024,499910.62,42136.0,24.0
Argentina,EV_100pct,870380,2024,1197715.11,46113.0,22.0
Argentina,EV_100pct,870380,2024,4484567.4,390911.55,1423.0
Argentina,EV_100pct,870380,2024,22650860.78,1400265.55,1976.0
Argentina,EV_100pct,870380,2024,13139.25,488.0,1.0
Argentina,EV_100pct,870380,2025,115147.0,4111.0,1.0
Argentina,EV_100pct,870380,2025,100269.11,4976.0,2.0
Argentina,EV_100pct,870380,2025,53840967.46,4830312.45,5009.0
Argentina,EV_100pct,870380,2025,37649860.39,3642089.45,4196.0
Argentina,EV_100pct,870380,2025,9108198.42,747740.0,542.0
Argentina,EV_100pct,870380,2025,869859.22,60151.0,34.0
Argentina,EV_100pct,870380,2025,5441765.14,335587.0,191.0
Argentina,EV_100pct,870380,2025,190378.95,13800.0,20.0
Argentina,EV_100pct,870380,2025,34360.2,2720.0,8.0
Argentina,EV_100pct,870380,2025,33430.22,2720.0,8.0
Argentina,EV_100pct,870380,2025,95143.46,8444.0,4.0
Argentina,EV_100pct,870380,2025,202555.35,7974.0,3.0
Argentina,Hybrid,870340,2021,25895720.11,1602060.0,944.0
Argentina,Hybrid,870340,2021,1016123.06,68620.0,47.0
Argentina,Hybrid,870340,2021,4056716.35,278890.0,167.0
Argentina,Hybrid,870340,2021,649709.2,24180.0,12.0
Argentina,Hybrid,870340,2021,1346299.16,93440.0,64.0
Argentina,Hybrid,870340,2021,1783076.85,88690.0,42.0
Argentina,Hybrid,870340,2021,78160863.21,6532080.0,4551.0
Argentina,Hybrid,870340,2021,12052641.27,787239.0,465.0
Argentina,Hybrid,870340,2021,124961149.21,9475199.0,6292.0
Argentina,Hybrid,870340,2022,3820660.4,209530.0,115.0
Argentina,Hybrid,870340,2022,118355.0,4030.0,2.0
Argentina,Hybrid,870340,2022,4789907.14,322980.0,219.0
Argentina,Hybrid,870340,2022,3362327.73,184695.0,97.0
Argentina,Hybrid,870340,2022,120508245.82,9498034.0,6641.0
Argentina,Hybrid,870340,2022,162281004.67,12061403.0,8136.0
Argentina,Hybrid,870340,2022,17965296.42,1028130.0,601.0
Argentina,Hybrid,870340,2022,8575788.94,566724.0,320.0
Argentina,Hybrid,870340,2022,679980.0,40280.0,21.0
Argentina,Hybrid,870340,2022,2460443.22,207000.0,120.0
Argentina,Hybrid,870340,2023,52485.5,2798.0,2.0
Argentina,Hybrid,870340,2023,181728786.41,13189363.0,8905.0
Argentina,Hybrid,870340,2023,8303497.88,477586.0,252.0
Argentina,Hybrid,870340,2023,141334789.47,10934330.0,7643.0
Argentina,Hybrid,870340,2023,10334998.17,615448.0,338.0
Argentina,Hybrid,870340,2023,7867614.34,504434.0,305.0
Argentina,Hybrid,870340,2023,7926881.89,362935.0,209.0
Argentina,Hybrid,870340,2023,2386175.61,125593.0,66.0
Argentina,Hybrid,870340,2023,1857748.62,78219.0,39.0
Argentina,Hybrid,870340,2023,1160712.76,84525.0,49.0
Argentina,Hybrid,870340,2023,21814.22,1723.0,1.0
Argentina,Hybrid,870340,2023,482067.95,1772.0,1.0
Argentina,Hybrid,870340,2024,9767357.12,529620.0,330.0
Argentina,Hybrid,870340,2024,22289092.99,1055853.0,558.0
Argentina,Hybrid,870340,2024,3521034.15,157715.0,97.0
Argentina,Hybrid,870340,2024,489469.73,33596.0,23.0
Argentina,Hybrid,870340,2024,35912837.95,2001644.0,1080.0
Argentina,Hybrid,870340,2024,372117.71,29051.65,18.0
Argentina,Hybrid,870340,2024,228160864.93,16632480.0,11632.0
Argentina,Hybrid,870340,2024,14071272.01,703855.0,331.0
Argentina,Hybrid,870340,2024,315188462.35,21174614.65,14085.0
Argentina,Hybrid,870340,2024,131038.21,8625.0,5.0
Argentina,Hybrid,870340,2024,136097.53,11050.0,5.0
Argentina,Hybrid,870340,2024,134910.02,8400.0,5.0
Argentina,Hybrid,870340,2024,202370.0,2725.0,1.0
Argentina,Hybrid,870340,2025,560641998.3,42332751.6,27413.0
Argentina,Hybrid,870340,2025,133700228.56,12869764.0,7786.0
Argentina,Hybrid,870340,2025,4173714.74,220002.0,100.0
Argentina,Hybrid,870340,2025,286490532.36,19461515.0,13626.0
Argentina,Hybrid,870340,2025,1422054.23,101468.6,64.0
Argentina,Hybrid,870340,2025,15713901.67,711222.0,363.0
Argentina,Hybrid,870340,2025,61293934.3,5666443.0,3560.0
Argentina,Hybrid,870340,2025,4666337.62,274794.0,196.0
Argentina,Hybrid,870340,2025,6909760.54,349586.0,187.0
Argentina,Hybrid,870340,2025,31474639.64,1819945.0,1052.0
Argentina,Hybrid,870340,2025,9506090.67,574321.0,324.0
Argentina,Hybrid,870340,2025,4530472.65,256733.0,139.0
Argentina,Hybrid,870340,2025,236595.59,13191.0,10.0
Argentina,Hybrid,870340,2025,214894.73,7054.0,3.0
Argentina,Hybrid,870340,2025,308841.0,6713.0,3.0
Argentina,Combustion_pickup,870421,2021,33560.81,3820.0,2.0
Argentina,Combustion_pickup,870421,2021,110787.02,8060.0,4.0
Argentina,Combustion_pickup,870421,2021,17640438.85,1907086.0,848.0
Argentina,Combustion_pickup,870421,2021,27653256.59,2580990.0,1128.0
Argentina,Combustion_pickup,870421,2021,10272476.43,1241303.0,687.0
Argentina,Combustion_pickup,870421,2021,10788340.81,1026378.0,441.0
Argentina,Combustion_pickup,870421,2021,3147355.9,424145.0,255.0
Argentina,Combustion_pickup,870421,2021,3613950.28,417456.0,219.0
Argentina,Combustion_pickup,870421,2021,14913473.15,1989155.0,889.0
Argentina,Combustion_pickup,870421,2021,9703023.81,1340300.0,681.0
Argentina,Combustion_pickup,870421,2021,105518871.19,11216261.0,5620.0
Argentina,Combustion_pickup,870421,2021,508529.24,81101.0,44.0
Argentina,Combustion_pickup,870421,2021,130554.68,9163.13,10.0
Argentina,Combustion_pickup,870421,2021,204034618.76,22245218.13,10828.0
Argentina,Combustion_pickup,870421,2022,1532830.32,214650.0,90.0
Argentina,Combustion_pickup,870421,2022,14150347.14,1947030.0,986.0
Argentina,Combustion_pickup,870421,2022,11607160.52,1240420.0,556.0
Argentina,Combustion_pickup,870421,2022,16506681.07,1479540.0,663.0
Argentina,Combustion_pickup,870421,2022,2578689.14,298447.0,153.0
Argentina,Combustion_pickup,870421,2022,237067143.14,23301224.0,10847.0
Argentina,Combustion_pickup,870421,2022,73384287.52,7594132.0,3122.0
Argentina,Combustion_pickup,870421,2022,36689.65,2283.0,1.0
Argentina,Combustion_pickup,870421,2022,107702543.57,9498195.0,4760.0
Argentina,Combustion_pickup,870421,2022,4512601.47,477264.0,221.0
Argentina,Combustion_pickup,870421,2022,36696.11,3860.0,2.0
Argentina,Combustion_pickup,870421,2022,3725245.58,388977.0,199.0
Argentina,Combustion_pickup,870421,2022,1293371.05,156426.0,94.0
Argentina,Combustion_pickup,870421,2023,145186091.69,12130561.24,5790.0
Argentina,Combustion_pickup,870421,2023,2950171.34,348615.0,185.0
Argentina,Combustion_pickup,870421,2023,74260943.34,6196881.0,2986.0
Argentina,Combustion_pickup,870421,2023,1166023.93,143489.0,70.0
Argentina,Combustion_pickup,870421,2023,45334195.51,3395151.0,1544.0
Argentina,Combustion_pickup,870421,2023,3355681.34,267995.0,140.0
Argentina,Combustion_pickup,870421,2023,13121657.52,1274900.0,595.0
Argentina,Combustion_pickup,870421,2023,1704176.63,206750.0,125.0
Argentina,Combustion_pickup,870421,2023,964022.37,119250.0,50.0
Argentina,Combustion_pickup,870421,2023,2096671.12,157850.0,82.0
Argentina,Combustion_pickup,870421,2023,80060.25,6223.24,7.0
Argentina,Combustion_pickup,870421,2023,152488.34,13457.0,6.0
Argentina,Combustion_pickup,870421,2024,920489.76,69300.0,36.0
Argentina,Combustion_pickup,870421,2024,2371698.42,189860.0,55.0
Argentina,Combustion_pickup,870421,2024,2767555.47,339070.0,205.0
Argentina,Combustion_pickup,870421,2024,7327382.27,750350.0,349.0
Argentina,Combustion_pickup,870421,2024,12694366.37,1238179.0,578.0
Argentina,Combustion_pickup,870421,2024,33400463.91,2654419.0,1311.0
Argentina,Combustion_pickup,870421,2024,1949170.34,232174.0,107.0
Argentina,Combustion_pickup,870421,2024,72343927.18,6499283.0,3116.0
Argentina,Combustion_pickup,870421,2024,2498049.37,358219.0,188.0
Argentina,Combustion_pickup,870421,2024,136391303.32,12338986.0,5949.0
Argentina,Combustion_pickup,870421,2024,118200.23,8132.0,4.0
Argentina,Combustion_pickup,870421,2025,45460.67,6100.0,2.0
Argentina,Combustion_pickup,870421,2025,353260791.05,33099445.6,15780.0
Argentina,Combustion_pickup,870421,2025,8305600.37,1113650.79,571.0
Argentina,Combustion_pickup,870421,2025,257887.36,17137.31,23.0
Argentina,Combustion_pickup,870421,2025,236545280.46,22525005.0,10482.0
Argentina,Combustion_pickup,870421,2025,59525154.21,4751931.5,2463.0
Argentina,Combustion_pickup,870421,2025,21980186.97,2133810.0,977.0
Argentina,Combustion_pickup,870421,2025,1077618.53,86300.0,25.0
Argentina,Combustion_pickup,870421,2025,5454287.25,578350.0,269.0
Argentina,Combustion_pickup,870421,2025,5494842.19,664306.0,402.0
Argentina,Combustion_pickup,870421,2025,11447879.28,981810.0,447.0
Argentina,Combustion_pickup,870421,2025,2944453.58,224125.0,113.0
Argentina,Combustion_pickup,870421,2025,182140.18,16920.0,6.0
Argentina,Lithium_battery,850760,2021,6225.27,35.98,53.0
Argentina,Lithium_battery,850760,2021,3495.07,13.3,110.0
Argentina,Lithium_battery,850760,2021,126033.27,4273.159,1027.0
Argentina,Lithium_battery,850760,2021,163569.3,2177.211,17427.0
Argentina,Lithium_battery,850760,2021,25784995.43,496542.06,2635283.0
Argentina,Lithium_battery,850760,2021,35324.61,35.528,47.0
Argentina,Lithium_battery,850760,2021,8892.33,31.99,70.0
Argentina,Lithium_battery,850760,2021,159472.7,3264.85,2584.0
Argentina,Lithium_battery,850760,2021,314881.46,1385.89,17694.0
Argentina,Lithium_battery,850760,2021,4599.6,91.47,61.0
Argentina,Lithium_battery,850760,2021,1064.71,50.155,6.0
Argentina,Lithium_battery,850760,2021,262703.79,2556.72,34923.0
Argentina,Lithium_battery,850760,2021,99417.14,843.62,8104.0
Argentina,Lithium_battery,850760,2021,217599.72,2051.2,2059.0
Argentina,Lithium_battery,850760,2021,346571.75,6346.49,17767.0
Argentina,Lithium_battery,850760,2021,143363.7,4436.973,7211.0
Argentina,Lithium_battery,850760,2021,2763.36,10.64,17.0
Argentina,Lithium_battery,850760,2021,594606.65,21043.87,24768.0
Argentina,Lithium_battery,850760,2021,39145.68,26.42,371.0
Argentina,Lithium_battery,850760,2021,41286.79,50.89,84.0
Argentina,Lithium_battery,850760,2021,2893.84,10.0,100.0
Argentina,Lithium_battery,850760,2021,25152.61,190.54,1277.0
Argentina,Lithium_battery,850760,2021,181066.91,3398.33,16501.0
Argentina,Lithium_battery,850760,2021,775012.53,20161.782,12153.0
Argentina,Lithium_battery,850760,2021,52937.56,319.24,188.0
Argentina,Lithium_battery,850760,2021,272173.2,15971.02,6894.0
Argentina,Lithium_battery,850760,2021,38557481.33,625170.03,5386900.0
Argentina,Lithium_battery,850760,2021,161910.65,2438.3,54028.0
Argentina,Lithium_battery,850760,2021,16500.46,58.124,76.0
Argentina,Lithium_battery,850760,2021,3506.38,1.2,2.0
Argentina,Lithium_battery,850760,2021,278993.05,4823.31,23320.0
Argentina,Lithium_battery,850760,2021,132464.5,2133.608,1777.0
Argentina,Lithium_battery,850760,2021,7653187.6,60823.242,336702.0
Argentina,Lithium_battery,850760,2021,76469292.95,1280767.142,8609584.0
Argentina,Lithium_battery,850760,2022,724709.19,24504.47,2844.0
Argentina,Lithium_battery,850760,2022,339.6,4.79,2.0
Argentina,Lithium_battery,850760,2022,175328.44,1837.94,24890.0
Argentina,Lithium_battery,850760,2022,29.12,2.0,4.0
Argentina,Lithium_battery,850760,2022,4916592.43,39320.508,152673.0
Argentina,Lithium_battery,850760,2022,4489.03,10.01,2.0
Argentina,Lithium_battery,850760,2022,86587917.68,1719490.087,8586412.0
Argentina,Lithium_battery,850760,2022,281209.74,3947.06,657.0
Argentina,Lithium_battery,850760,2022,18301.4,118.4,800.0
Argentina,Lithium_battery,850760,2022,18046.97,37.24,328.0
Argentina,Lithium_battery,850760,2022,445482.45,13454.149,16486.0
Argentina,Lithium_battery,850760,2022,11273.04,16.05,55.0
Argentina,Lithium_battery,850760,2022,6524.24,15.83,33.0
Argentina,Lithium_battery,850760,2022,112161.15,4053.44,3095.0
Argentina,Lithium_battery,850760,2022,1181979.61,6202.53,69384.0
Argentina,Lithium_battery,850760,2022,46100.98,1436.5,82.0
Argentina,Lithium_battery,850760,2022,3563.94,42.75,12.0
Argentina,Lithium_battery,850760,2022,305093.68,5421.34,46237.0
Argentina,Lithium_battery,850760,2022,624742.82,18646.97,52759.0
Argentina,Lithium_battery,850760,2022,125931.4,1140.174,2191.0
Argentina,Lithium_battery,850760,2022,17048531.56,242000.635,2484595.0
Argentina,Lithium_battery,850760,2022,25727.47,875.18,4853.0
Argentina,Lithium_battery,850760,2022,239404.59,8122.33,9654.0
Argentina,Lithium_battery,850760,2022,103378.49,37.71,876.0
Argentina,Lithium_battery,850760,2022,53141.67,110.8,1101.0
Argentina,Lithium_battery,850760,2022,238047.81,3758.61,4404.0
Argentina,Lithium_battery,850760,2022,351013.51,2420.874,4193.0
Argentina,Lithium_battery,850760,2022,793.21,1.54,5.0
Argentina,Lithium_battery,850760,2022,7769.97,44.27,48.0
Argentina,Lithium_battery,850760,2022,9479.81,10.11,29.0
Argentina,Lithium_battery,850760,2022,1978768.72,9542.732,33055.0
Argentina,Lithium_battery,850760,2022,61241.65,398.14,249.0
Argentina,Lithium_battery,850760,2022,10165.41,137.93,178.0
Argentina,Lithium_battery,850760,2022,56077469.46,1303978.11,5650856.0
Argentina,Lithium_battery,850760,2022,21246.9,177.8,790.0
Argentina,Lithium_battery,850760,2022,9572.79,37.77,48.0
Argentina,Lithium_battery,850760,2022,287906.56,4150.05,1559.0
Argentina,Lithium_battery,850760,2022,1062358.87,23473.345,17385.0
Argentina,Lithium_battery,850760,2023,5213076.2,27540.96,72367.0
Argentina,Lithium_battery,850760,2023,140957381.42,2725234.91,12264726.0
Argentina,Lithium_battery,850760,2023,77429409.65,2189359.91,5388948.0
Argentina,Lithium_battery,850760,2023,103819.08,2341.3,3990.0
Argentina,Lithium_battery,850760,2023,199997.29,3253.25,152.0
Argentina,Lithium_battery,850760,2023,1190375.97,13943.55,14220.0
Argentina,Lithium_battery,850760,2023,373695.96,3178.67,65946.0
Argentina,Lithium_battery,850760,2023,1292758.11,37361.16,54373.0
Argentina,Lithium_battery,850760,2023,28531452.46,252797.14,4092041.0
Argentina,Lithium_battery,850760,2023,1300013.09,69071.19,95457.0
Argentina,Lithium_battery,850760,2023,702175.65,16620.93,2654.0
Argentina,Lithium_battery,850760,2023,199333.55,3708.94,1103.0
Argentina,Lithium_battery,850760,2023,99336.31,1543.7,2107.0
Argentina,Lithium_battery,850760,2023,608301.12,4821.49,27658.0
Argentina,Lithium_battery,850760,2023,107344.17,589.3,405.0
Argentina,Lithium_battery,850760,2023,229398.75,2809.33,1844.0
Argentina,Lithium_battery,850760,2023,488635.27,5826.03,4134.0
Argentina,Lithium_battery,850760,2023,72864.3,372.48,6069.0
Argentina,Lithium_battery,850760,2023,1521903.57,7594.57,92936.0
Argentina,Lithium_battery,850760,2023,8729.93,227.26,565.0
Argentina,Lithium_battery,850760,2023,20270353.69,56154.99,2319108.0
Argentina,Lithium_battery,850760,2023,15948.71,20.21,35.0
Argentina,Lithium_battery,850760,2023,144.44,1.8,20.0
Argentina,Lithium_battery,850760,2023,306726.36,13885.57,1838.0
Argentina,Lithium_battery,850760,2023,2718.31,22.86,30.0
Argentina,Lithium_battery,850760,2023,13365.33,28.18,52.0
Argentina,Lithium_battery,850760,2023,76020.42,264.88,335.0
Argentina,Lithium_battery,850760,2023,11568.33,467.35,302.0
Argentina,Lithium_battery,850760,2023,94202.26,59.42,872.0
Argentina,Lithium_battery,850760,2023,4430.88,11.0,55.0
Argentina,Lithium_battery,850760,2023,38584.65,499.5,450.0
Argentina,Lithium_battery,850760,2023,327977.44,8987.9,12335.0
Argentina,Lithium_battery,850760,2023,8369.62,71.21,107.0
Argentina,Lithium_battery,850760,2023,49016.31,159.47,2180.0
Argentina,Lithium_battery,850760,2023,1118.7,3.0,15.0
Argentina,Lithium_battery,850760,2023,1481.17,8.86,10.0
Argentina,Lithium_battery,850760,2023,61767.78,1626.24,8.0
Argentina,Lithium_battery,850760,2023,867.97,0.88,4.0
Argentina,Lithium_battery,850760,2023,98.62,0.43,1.0
Argentina,Lithium_battery,850760,2024,29519.37,120.354,154.0
Argentina,Lithium_battery,850760,2024,100949.45,220.007,828.0
Argentina,Lithium_battery,850760,2024,93899509.81,2767451.711,7026068.0
Argentina,Lithium_battery,850760,2024,1395.62,4.4,7.0
Argentina,Lithium_battery,850760,2024,546.9,54.0,11.0
Argentina,Lithium_battery,850760,2024,56170.76,198.0,20.0
Argentina,Lithium_battery,850760,2024,2833.91,38.88,113.0
Argentina,Lithium_battery,850760,2024,245000.87,7289.48,10598.0
Argentina,Lithium_battery,850760,2024,3826.48,35.534,45.0
Argentina,Lithium_battery,850760,2024,67686.13,2898.0,40.0
Argentina,Lithium_battery,850760,2024,72761.26,2016.15,11582.0
Argentina,Lithium_battery,850760,2024,423.42,0.55,16.0
Argentina,Lithium_battery,850760,2024,76909.16,631.73,5610.0
Argentina,Lithium_battery,850760,2024,8732.75,59.75,15.0
Argentina,Lithium_battery,850760,2024,14162.9,18.441,73.0
Argentina,Lithium_battery,850760,2024,10391.24,47.7,44.0
Argentina,Lithium_battery,850760,2024,30447.15,96.95,47.0
Argentina,Lithium_battery,850760,2024,16730.79,538.12,242.0
Argentina,Lithium_battery,850760,2024,162074.08,1449.74,22860.0
Argentina,Lithium_battery,850760,2024,6592288.38,19990.72,1099039.0
Argentina,Lithium_battery,850760,2024,24082.48,112.41,221.0
Argentina,Lithium_battery,850760,2024,152747.47,3590.899,443.0
Argentina,Lithium_battery,850760,2024,255904.78,3217.89,218.0
Argentina,Lithium_battery,850760,2024,190294.08,2535.674,3936.0
Argentina,Lithium_battery,850760,2024,132206.15,2317.681,1692.0
Argentina,Lithium_battery,850760,2024,161953.46,2121.62,21838.0
Argentina,Lithium_battery,850760,2024,1827117.62,30201.64,56597.0
Argentina,Lithium_battery,850760,2024,288063.3,3827.9,3617.0
Argentina,Lithium_battery,850760,2024,304.63,53.0,15.0
Argentina,Lithium_battery,850760,2024,262997.72,8814.81,1750.0
Argentina,Lithium_battery,850760,2024,1617892.82,26421.164,20689.0
Argentina,Lithium_battery,850760,2024,14809396.29,167764.89,2295021.0
Argentina,Lithium_battery,850760,2024,425598.74,3944.27,52641.0
Argentina,Lithium_battery,850760,2024,1937794.35,33528.995,26785.0
Argentina,Lithium_battery,850760,2024,2163657.97,60535.614,42895.0
Argentina,Lithium_battery,850760,2024,222542.41,1584.24,291.0
Argentina,Lithium_battery,850760,2024,1158685.28,38150.251,10829.0
Argentina,Lithium_battery,850760,2024,5424431.45,38970.527,99794.0
Argentina,Lithium_battery,850760,2024,55339750.35,2303893.04,3235437.0
Argentina,Lithium_battery,850760,2024,2619.83,9.0,6.0
Argentina,Lithium_battery,850760,2024,4955.5,37.0,5.0
Argentina,Lithium_battery,850760,2024,135.32,106.21,1.0
Argentina,Lithium_battery,850760,2024,30.79,1.51,1.0
Argentina,Lithium_battery,850760,2024,285.25,1.0,1.0
Argentina,Lithium_battery,850760,2024,3211.15,1.97,1.0
Argentina,Lithium_battery,850760,2025,1343.49,39.76,1.0
Argentina,Lithium_battery,850760,2025,119598430.16,4723153.748,8761671.2
Argentina,Lithium_battery,850760,2025,71424792.62,4086304.892,4516435.0
Argentina,Lithium_battery,850760,2025,6473098.97,44296.23,96753.0
Argentina,Lithium_battery,850760,2025,716551.41,16427.107,10070.0
Argentina,Lithium_battery,850760,2025,128156.34,2211.77,300.0
Argentina,Lithium_battery,850760,2025,3011529.48,45242.85,25997.0
Argentina,Lithium_battery,850760,2025,2268197.47,100764.976,46493.0
Argentina,Lithium_battery,850760,2025,508150.34,6433.34,41236.0
Argentina,Lithium_battery,850760,2025,902034.16,31381.378,49054.0
Argentina,Lithium_battery,850760,2025,15164691.57,167460.11,2091106.0
Argentina,Lithium_battery,850760,2025,1331527.54,84016.272,76190.0
Argentina,Lithium_battery,850760,2025,944084.05,30375.83,1281.0
Argentina,Lithium_battery,850760,2025,404782.03,5442.31,2247.0
Argentina,Lithium_battery,850760,2025,1044119.09,4707.2,44021.0
Argentina,Lithium_battery,850760,2025,224819.6,686.99,2192.0
Argentina,Lithium_battery,850760,2025,136490.53,778.77,1549.0
Argentina,Lithium_battery,850760,2025,115375.95,812.856,1280.0
Argentina,Lithium_battery,850760,2025,497827.44,10638.47,3413.0
Argentina,Lithium_battery,850760,2025,1501.87,91.93,24.0
Argentina,Lithium_battery,850760,2025,61290.09,226.02,2824.0
Argentina,Lithium_battery,850760,2025,11251022.11,28668.967,1634182.0
Argentina,Lithium_battery,850760,2025,53802.85,370.19,299.0
Argentina,Lithium_battery,850760,2025,2982.78,23.8,45.0
Argentina,Lithium_battery,850760,2025,591588.69,7651.465,94661.2
Argentina,Lithium_battery,850760,2025,4563.35,22.25,22.0
Argentina,Lithium_battery,850760,2025,47717.86,1702.2,355.0
Argentina,Lithium_battery,850760,2025,21348.66,54.41,80.0
Argentina,Lithium_battery,850760,2025,1158173.76,16596.2,4496.0
Argentina,Lithium_battery,850760,2025,100740.02,27.5,730.0
Argentina,Lithium_battery,850760,2025,7452.11,13.875,324.0
Argentina,Lithium_battery,850760,2025,151291.35,5986.02,6594.0
Argentina,Lithium_battery,850760,2025,562634.59,20065.08,340.0
Argentina,Lithium_battery,850760,2025,4845.15,15.61,19.0
Argentina,Lithium_battery,850760,2025,9165.5,70.31,150.0
Argentina,Lithium_battery,850760,2025,79833.17,727.29,6808.0
Argentina,Lithium_battery,850760,2025,8631.04,100.74,16.0
Argentina,Lithium_battery,850760,2025,23838.61,14.85,18.0
Argentina,Lithium_battery,850760,2025,42765.56,495.0,25.0
Argentina,Lithium_battery,850760,2025,1620.06,13.89,15.0
Argentina,Lithium_battery,850760,2025,9152.29,9.75,9.0
Argentina,Lithium_battery,850760,2025,675.32,2.29,5.0
Argentina,Lithium_battery,850760,2025,94988.16,2006.0,5.0
Argentina,Lithium_battery,850760,2025,724.89,51.0,4.0
Argentina,Lithium_battery,850760,2025,8508.24,126.0,3.0
Argentina,General_auto_parts,8708,2021,174391376.47,32067976.71,32067976.71
Argentina,General_auto_parts,8708,2021,30301535.49,2843894.58,2843894.58
Argentina,General_auto_parts,8708,2021,380037183.18,38536667.471,38536667.471
Argentina,General_auto_parts,8708,2021,32652598.63,2951941.644,2951941.644
Argentina,General_auto_parts,8708,2021,3806807.37,198566.248,198566.248
Argentina,General_auto_parts,8708,2021,13714.12,526.719,526.719
Argentina,General_auto_parts,8708,2021,40025744.11,7522829.293,7522829.293
Argentina,General_auto_parts,8708,2021,175771330.48,17768749.63,17768749.63
Argentina,General_auto_parts,8708,2021,14087898.59,986512.86,986512.86
Argentina,General_auto_parts,8708,2021,1684978.11,75379.9,75379.9
Argentina,General_auto_parts,8708,2021,18747.31,450.64,450.64
Argentina,General_auto_parts,8708,2021,57805900.62,4612649.27,4612649.27
Argentina,General_auto_parts,8708,2021,1290.96,184.79,184.79
Argentina,General_auto_parts,8708,2021,29061.15,1534.97,1534.97
Argentina,General_auto_parts,8708,2021,71.62,0.31,0.31
Argentina,General_auto_parts,8708,2021,1550.76,89.0,89.0
Argentina,General_auto_parts,8708,2021,430249.18,21902.88,21902.88
Argentina,General_auto_parts,8708,2021,42007.02,1095.27,1095.27
Argentina,General_auto_parts,8708,2021,1455014.03,491244.5,491244.5
Argentina,General_auto_parts,8708,2021,25902.47,630.57,630.57
Argentina,General_auto_parts,8708,2021,573014.8,47234.27,47234.27
Argentina,General_auto_parts,8708,2021,9350.72,417.34,417.34
Argentina,General_auto_parts,8708,2021,286000.56,36548.98,36548.98
Argentina,General_auto_parts,8708,2021,60911.24,3654.63,3654.63
Argentina,General_auto_parts,8708,2021,4137142.72,225391.78,225391.78
Argentina,General_auto_parts,8708,2021,8536.09,443.3,443.3
Argentina,General_auto_parts,8708,2021,414307.25,35686.91,35686.91
Argentina,General_auto_parts,8708,2021,1314062.48,157671.09,157671.09
Argentina,General_auto_parts,8708,2021,5450.76,55.27,55.27
Argentina,General_auto_parts,8708,2021,23507.69,2677.0,2677.0
Argentina,General_auto_parts,8708,2021,108540.38,12563.83,12563.83
Argentina,General_auto_parts,8708,2021,761840.56,15972.82,15972.82
Argentina,General_auto_parts,8708,2021,17068915.86,3937822.33,3937822.33
Argentina,General_auto_parts,8708,2021,5255.87,945.36,945.36
Argentina,General_auto_parts,8708,2021,36594.37,2300.84,2300.84
Argentina,General_auto_parts,8708,2021,8317.8,360.0,360.0
Argentina,General_auto_parts,8708,2021,228170.57,24286.56,24286.56
Argentina,General_auto_parts,8708,2021,4796596.78,280945.56,280945.56
Argentina,General_auto_parts,8708,2021,4343951.32,44890.3,44890.3
Argentina,General_auto_parts,8708,2021,382958.58,31691.26,31691.26
Argentina,General_auto_parts,8708,2021,860073.82,117875.15,117875.15
Argentina,General_auto_parts,8708,2021,833253.46,9439.11,9439.11
Argentina,General_auto_parts,8708,2021,302830.38,60006.13,60006.13
Argentina,General_auto_parts,8708,2021,7647.43,449.27,449.27
Argentina,General_auto_parts,8708,2021,2708616.06,181212.84,181212.84
Argentina,General_auto_parts,8708,2021,690.03,0.45,0.45
Argentina,General_auto_parts,8708,2021,117892.09,20759.0,20759.0
Argentina,General_auto_parts,8708,2021,10663018.05,1743172.46,1743172.46
Argentina,General_auto_parts,8708,2021,91.86,2.1,2.1
Argentina,General_auto_parts,8708,2021,14741404.68,2211624.38,2211624.38
Argentina,General_auto_parts,8708,2021,194692.23,19159.03,19159.03
Argentina,General_auto_parts,8708,2021,8731656.11,390607.74,390607.74
Argentina,General_auto_parts,8708,2021,5970597.09,903095.94,903095.94
Argentina,General_auto_parts,8708,2021,6989.49,120.0,120.0
Argentina,General_auto_parts,8708,2021,287672556.07,20379562.19,20379562.19
Argentina,General_auto_parts,8708,2021,286453693.62,22957449.096,22957449.096
Argentina,General_auto_parts,8708,2021,48700617.59,8168448.29,8168448.29
Argentina,General_auto_parts,8708,2021,123527141.44,16736204.0,16736204.0
Argentina,General_auto_parts,8708,2021,980319444.45,149177483.777,149177483.777
Argentina,General_auto_parts,8708,2021,49685391.18,5277310.7,5277310.7
Argentina,General_auto_parts,8708,2021,39245.55,1435.19,1435.19
Argentina,General_auto_parts,8708,2021,4503631.34,622582.25,622582.25
Argentina,General_auto_parts,8708,2021,45358.28,2920.04,2920.04
Argentina,General_auto_parts,8708,2021,140486704.14,8672346.441,8672346.441
Argentina,General_auto_parts,8708,2021,2932652324.04,0.0,0.0
Argentina,General_auto_parts,8708,2021,18922029.49,0.0,0.0
Argentina,General_auto_parts,8708,2021,670.04,0.0,0.0
Argentina,General_auto_parts,8708,2022,3728766610.74,,0.0
Argentina,General_auto_parts,8708,2022,4272005.68,292592.021,292592.021
Argentina,General_auto_parts,8708,2022,64.83,0.85,0.85
Argentina,General_auto_parts,8708,2022,1022.87,0.2,0.2
Argentina,General_auto_parts,8708,2022,2015.13,6.47,6.47
Argentina,General_auto_parts,8708,2022,87785.3,3737.55,3737.55
Argentina,General_auto_parts,8708,2022,175856.95,10233.32,10233.32
Argentina,General_auto_parts,8708,2022,679945.81,57108.0,57108.0
Argentina,General_auto_parts,8708,2022,38499093.16,5917289.0,5917289.0
Argentina,General_auto_parts,8708,2022,1457536631.96,187099896.227,187099896.227
Argentina,General_auto_parts,8708,2022,64837.1,8282.98,8282.98
Argentina,General_auto_parts,8708,2022,171666185.25,9667551.393,9667551.393
Argentina,General_auto_parts,8708,2022,423451797.81,39518168.886,39518168.886
Argentina,General_auto_parts,8708,2022,8029865.14,,0.0
Argentina,General_auto_parts,8708,2022,211116.35,11568.94,11568.94
Argentina,General_auto_parts,8708,2022,93.86,1.93,1.93
Argentina,General_auto_parts,8708,2022,351668831.2,24210447.51,24210447.51
Argentina,General_auto_parts,8708,2022,39634161.03,3788836.608,3788836.608
Argentina,General_auto_parts,8708,2022,96463792.06,13475823.86,13475823.86
Argentina,General_auto_parts,8708,2022,161968731.8,22255111.497,22255111.497
Argentina,General_auto_parts,8708,2022,15843.06,2268.0,2268.0
Argentina,General_auto_parts,8708,2022,26167945.98,1884288.014,1884288.014
Argentina,General_auto_parts,8708,2022,94.7,24.0,24.0
Argentina,General_auto_parts,8708,2022,19293679.49,2618848.45,2618848.45
Argentina,General_auto_parts,8708,2022,55602.63,5070.0,5070.0
Argentina,General_auto_parts,8708,2022,5301248.44,232696.54,232696.54
Argentina,General_auto_parts,8708,2022,58212321.14,4349268.099,4349268.099
Argentina,General_auto_parts,8708,2022,5183411.6,616843.63,616843.63
Argentina,General_auto_parts,8708,2022,7132170.8,933137.83,933137.83
Argentina,General_auto_parts,8708,2023,42159.12,1748.435,1748.435
Argentina,General_auto_parts,8708,2023,41263125.5,3072440.897,3072440.897
Argentina,General_auto_parts,8708,2023,393756180.12,27335444.528,27335444.528
Argentina,General_auto_parts,8708,2023,47072162.22,3683043.562,3683043.562
Argentina,General_auto_parts,8708,2023,293265003.06,24336083.593,24336083.593
Argentina,General_auto_parts,8708,2023,2151710.96,165641.96,165641.96
Argentina,General_auto_parts,8708,2023,1024746.95,98158.754,98158.754
Argentina,General_auto_parts,8708,2023,900383.43,26686.179,26686.179
Argentina,General_auto_parts,8708,2023,489910939.9,47729818.783,47729818.783
Argentina,General_auto_parts,8708,2023,517924.08,10818.573,10818.573
Argentina,General_auto_parts,8708,2023,208793908.32,10091638.732,10091638.732
Argentina,General_auto_parts,8708,2023,1768335167.08,203608717.296,203608717.296
Argentina,General_auto_parts,8708,2023,27417826.93,1759890.245,1759890.245
Argentina,General_auto_parts,8708,2023,139851.88,3081.373,3081.373
Argentina,General_auto_parts,8708,2023,4351667201.79,447582909.971,447582909.971
Argentina,General_auto_parts,8708,2024,29830985.04,,0.0
Argentina,General_auto_parts,8708,2024,3672056831.74,,0.0
Argentina,General_auto_parts,8708,2024,57759.11,867.916,867.916
Argentina,General_auto_parts,8708,2024,32041178.94,2868617.691,2868617.691
Argentina,General_auto_parts,8708,2024,223957169.66,10176293.85,10176293.85
Argentina,General_auto_parts,8708,2024,19798308.67,2169075.871,2169075.871
Argentina,General_auto_parts,8708,2024,1394515018.71,154234266.125,154234266.125
Argentina,General_auto_parts,8708,2024,256789.67,12512.643,12512.643
Argentina,General_auto_parts,8708,2024,25600268.56,1260451.401,1260451.401
Argentina,General_auto_parts,8708,2024,236673593.61,18858758.204,18858758.204
Argentina,General_auto_parts,8708,2025,3971659305.62,408075264.503,408075264.503
Argentina,General_auto_parts,8708,2025,220754769.03,10805388.589,10805388.589
Argentina,General_auto_parts,8708,2025,23846596.23,2905302.05,2905302.05
Argentina,General_auto_parts,8708,2025,146463.56,9289.674,9289.674
Argentina,General_auto_parts,8708,2025,1400556909.89,157937050.509,157937050.509
Argentina,General_auto_parts,8708,2025,142850721.73,9658026.448,9658026.448
Argentina,General_auto_parts,8708,2025,19020375.13,1360813.398,1360813.398
Ecuador,EV_100pct,870380,2021,178074.85,8713.06,5.0
Ecuador,EV_100pct,870380,2021,31311.0,1575.0,1.0
Ecuador,EV_100pct,870380,2021,146763.85,7138.06,4.0
Ecuador,EV_100pct,870380,2021,2686313.89,149607.125,82.0
Ecuador,EV_100pct,870380,2021,3010631.154,181977.125,123.0
Ecuador,EV_100pct,870380,2021,1275019.044,98997.065,83.0
Ecuador,EV_100pct,870380,2021,1013159.32,69777.065,44.0
Ecuador,EV_100pct,870380,2021,261859.724,29220.0,39.0
Ecuador,EV_100pct,870380,2021,186889.73,9450.0,6.0
Ecuador,EV_100pct,870380,2021,1090323.79,50642.0,20.0
Ecuador,EV_100pct,870380,2021,249177.2,12600.0,8.0
Ecuador,EV_100pct,870380,2021,218036.27,11025.0,7.0
Ecuador,EV_100pct,870380,2021,31146.54,1575.0,1.0
Ecuador,EV_100pct,870380,2021,324317.264,32370.0,41.0
Ecuador,EV_100pct,870380,2022,14262926.4,714673.1,398.826
Ecuador,EV_100pct,870380,2023,86494118.7,,0.0
Ecuador,EV_100pct,870380,2024,33310.1,1440.0,1.0
Ecuador,EV_100pct,870380,2024,121952.77,5345.0,2.0
Ecuador,EV_100pct,870380,2024,872820.75,32610.77,10.0
Ecuador,EV_100pct,870380,2024,1350519.939,51396.97,24.0
Ecuador,EV_100pct,870380,2024,12113476.55,637791.0,363.0
Ecuador,EV_100pct,870380,2024,1082768.4,60246.0,25.0
Ecuador,EV_100pct,870380,2024,2204526.864,133433.8,148.0
Ecuador,EV_100pct,870380,2024,496819.17,21275.0,8.0
Ecuador,EV_100pct,870380,2024,1797088.92,64883.0,31.0
Ecuador,EV_100pct,870380,2024,9532050.17,530812.0,281.0
Ecuador,EV_100pct,870380,2024,26102725.934,1715918.0,1120.0
Ecuador,EV_100pct,870380,2024,4362773.18,198631.0,87.0
Ecuador,EV_100pct,870380,2024,10614818.57,591058.0,306.0
Ecuador,EV_100pct,870380,2024,1472472.709,56741.97,26.0
Ecuador,EV_100pct,870380,2024,2077325.35,67140.77,22.0
Ecuador,EV_100pct,870380,2024,28307252.798,1849351.8,1268.0
Ecuador,EV_100pct,870380,2024,61339774.886,3523160.77,2084.0
Ecuador,EV_100pct,870380,2024,18456315.273,936772.77,581.0
Ecuador,EV_100pct,870380,2024,35952.32,1954.0,2.0
Ecuador,EV_100pct,870380,2024,467208.82,17935.0,8.0
Ecuador,EV_100pct,870380,2024,1204504.6,34530.0,12.0
Ecuador,EV_100pct,870380,2024,18520752.812,971621.0,553.0
Ecuador,EV_100pct,870380,2024,3895564.36,180696.0,79.0
Ecuador,EV_100pct,870380,2024,30634229.362,1609412.0,916.0
Ecuador,EV_100pct,870380,2024,79832042.479,4461887.54,2667.0
Ecuador,EV_100pct,870380,2025,69000.0,4935.0,3.0
Ecuador,EV_100pct,870380,2025,237943.96,15456.0,8.0
Ecuador,EV_100pct,870380,2025,9839821.112,542913.0,309.0
Ecuador,EV_100pct,870380,2025,1522307.85,89241.0,46.0
Ecuador,EV_100pct,870380,2025,2449716.945,99522.0,44.0
Ecuador,EV_100pct,870380,2025,1865777.27,79309.5,39.0
Ecuador,EV_100pct,870380,2025,89320455.844,6896088.13,4646.0
Ecuador,EV_100pct,870380,2025,2915295.35,162267.0,67.0
Ecuador,EV_100pct,870380,2025,108953503.321,7920121.63,5177.0
Ecuador,EV_100pct,870380,2025,43054.0,2460.0,1.0
Ecuador,EV_100pct,870380,2025,312000.0,13344.0,8.0
Ecuador,EV_100pct,870380,2025,378130.99,14586.0,6.0
Ecuador,Hybrid,870340,2021,4266251.02,230547.01,146.0
Ecuador,Hybrid,870340,2021,71930518.175,4875679.01,3686.0
Ecuador,Hybrid,870340,2021,67664267.155,4645132.0,3540.0
Ecuador,Hybrid,870340,2021,873259.67,33293.0,15.0
Ecuador,Hybrid,870340,2021,1518778.46,120846.0,98.0
Ecuador,Hybrid,870340,2021,668703.0,26495.0,11.0
Ecuador,Hybrid,870340,2021,596650.14,24642.0,11.0
Ecuador,Hybrid,870340,2021,403233.41,26880.0,24.0
Ecuador,Hybrid,870340,2021,314005.01,13960.0,8.0
Ecuador,Hybrid,870340,2021,26064832.04,1697250.0,1188.0
Ecuador,Hybrid,870340,2021,32488550.253,2502597.0,2094.0
Ecuador,Hybrid,870340,2021,2307942.75,138225.0,95.0
Ecuador,Hybrid,870340,2021,4226176.702,188245.0,98.0
Ecuador,Hybrid,870340,2021,740029.0,30011.0,13.0
Ecuador,Hybrid,870340,2021,944676.92,35790.0,16.0
Ecuador,Hybrid,870340,2021,26113156.04,1700110.0,1190.0
Ecuador,Hybrid,870340,2021,4822826.842,212887.0,109.0
Ecuador,Hybrid,870340,2021,34007328.713,2623443.0,2192.0
Ecuador,Hybrid,870340,2021,116767.0,3756.0,2.0
Ecuador,Hybrid,870340,2021,71326.0,3516.0,2.0
Ecuador,Hybrid,870340,2021,48324.0,2860.0,2.0
Ecuador,Hybrid,870340,2021,71417.25,2497.0,1.0
Ecuador,Hybrid,870340,2021,17403.15,1720.0,1.0
Ecuador,Hybrid,870340,2021,1582613.59,66486.0,27.0
Ecuador,Hybrid,870340,2021,560535.75,22411.01,9.0
Ecuador,Hybrid,870340,2021,2143149.34,88897.01,36.0
Ecuador,Hybrid,870340,2022,125398021.7,8096646.6,4933.331
Ecuador,Hybrid,870340,2023,228758345.1,,0.0
Ecuador,Hybrid,870340,2024,2677429.035,204855.0,145.0
Ecuador,Hybrid,870340,2024,704053.544,29495.0,16.0
Ecuador,Hybrid,870340,2024,1546865.0,50351.2,21.0
Ecuador,Hybrid,870340,2024,420381.121,26164.0,15.0
Ecuador,Hybrid,870340,2024,3483140.85,195910.0,137.0
Ecuador,Hybrid,870340,2024,9383526.334,593810.0,422.0
Ecuador,Hybrid,870340,2024,4343152.36,131266.8,59.0
Ecuador,Hybrid,870340,2024,31136286.167,3017200.0,1920.0
Ecuador,Hybrid,870340,2024,5671157.06,514392.0,432.0
Ecuador,Hybrid,870340,2024,22658018.64,1354410.0,947.0
Ecuador,Hybrid,870340,2024,7092373.33,424166.0,295.0
Ecuador,Hybrid,870340,2024,7923338.667,302665.1,134.0
Ecuador,Hybrid,870340,2024,34868377.828,3270790.0,2118.0
Ecuador,Hybrid,870340,2024,1231550.21,75222.0,42.0
Ecuador,Hybrid,870340,2024,400777.149,21925.0,13.0
Ecuador,Hybrid,870340,2024,5794553.62,388955.0,279.0
Ecuador,Hybrid,870340,2024,4777409.36,181380.0,86.0
Ecuador,Hybrid,870340,2024,17447321.14,1727870.0,1512.0
Ecuador,Hybrid,870340,2024,34752357.916,2604345.0,2035.0
Ecuador,Hybrid,870340,2024,1651931.331,101386.0,57.0
Ecuador,Hybrid,870340,2024,26141159.49,1550320.0,1084.0
Ecuador,Hybrid,870340,2024,16475899.664,1017976.0,717.0
Ecuador,Hybrid,870340,2024,66004663.995,6287990.0,4038.0
Ecuador,Hybrid,870340,2024,4604146.78,134758.8,61.0
Ecuador,Hybrid,870340,2024,207410.43,6080.0,3.0
Ecuador,Hybrid,870340,2024,10067.292,1016.0,1.0
Ecuador,Hybrid,870340,2024,49031.0,1994.0,1.0
Ecuador,Hybrid,870340,2024,211963.42,1498.0,1.0
Ecuador,Hybrid,870340,2024,5687454.033,498002.0,440.0
Ecuador,Hybrid,870340,2024,5371671.452,202407.0,91.0
Ecuador,Hybrid,870340,2024,8748531.79,623867.0,534.0
Ecuador,Hybrid,870340,2024,10295396.79,674218.2,555.0
Ecuador,Hybrid,870340,2024,8471982.655,593810.0,424.0
Ecuador,Hybrid,870340,2024,40439811.949,3102347.0,2475.0
Ecuador,Hybrid,870340,2024,13295010.119,505072.1,225.0
Ecuador,Hybrid,870340,2024,30021.26,1449.0,1.0
Ecuador,Hybrid,870340,2024,65707.34,1709.0,1.0
Ecuador,Hybrid,870340,2024,277670.76,3207.0,2.0
Ecuador,Hybrid,870340,2024,8874678.808,340340.0,183.0
Ecuador,Hybrid,870340,2024,479560.24,23793.0,15.0
Ecuador,Hybrid,870340,2024,876105.56,49800.0,26.0
Ecuador,Hybrid,870340,2024,13652088.168,521720.0,269.0
Ecuador,Hybrid,870340,2024,17523095.772,1730595.0,1514.0
Ecuador,Hybrid,870340,2024,152977873.94,11571654.1,8472.0
Ecuador,Hybrid,870340,2024,226924271.956,16867127.1,11925.0
Ecuador,Hybrid,870340,2024,509581.5,25242.0,16.0
Ecuador,Hybrid,870340,2024,1580159.104,79295.0,42.0
Ecuador,Hybrid,870340,2024,73668727.256,5292266.0,3451.0
Ecuador,Hybrid,870340,2025,3268967.009,106625.0,52.0
Ecuador,Hybrid,870340,2025,38437940.701,3665046.0,3595.0
Ecuador,Hybrid,870340,2025,14176144.152,527225.0,255.0
Ecuador,Hybrid,870340,2025,2403279.98,132552.183,69.0
Ecuador,Hybrid,870340,2025,14451479.606,580192.41,262.0
Ecuador,Hybrid,870340,2025,252249172.035,18634611.493,12918.0
Ecuador,Hybrid,870340,2025,46463033.089,3131458.0,2038.0
Ecuador,Hybrid,870340,2025,1547145.4,135960.0,114.0
Ecuador,Hybrid,870340,2025,10756140.457,796768.0,464.0
Ecuador,Hybrid,870340,2025,6870010.91,359517.0,203.0
Ecuador,Hybrid,870340,2025,2348762.84,117409.0,63.0
Ecuador,Hybrid,870340,2025,10985899.232,467985.862,300.0
Ecuador,Hybrid,870340,2025,178567.371,11673.0,9.0
Ecuador,Hybrid,870340,2025,23538576.15,1357145.0,949.0
Ecuador,Hybrid,870340,2025,6859605.533,403053.516,267.0
Ecuador,Hybrid,870340,2025,69899819.605,6839801.522,4277.0
Ecuador,Hybrid,870340,2025,63800.0,2200.0,1.0
Ecuador,Combustion_pickup,870421,2021,16638450.18,1596000.0,800.0
Ecuador,Combustion_pickup,870421,2021,177386184.697,20707007.14,12187.0
Ecuador,Combustion_pickup,870421,2021,73356.35,3388.72,7.0
Ecuador,Combustion_pickup,870421,2021,233831678.055,26291600.205,0.0
Ecuador,Combustion_pickup,870421,2021,39807043.178,3988593.065,0.0
Ecuador,Combustion_pickup,870421,2021,9311511.089,818454.608,0.0
Ecuador,Combustion_pickup,870421,2021,27646780.574,2755478.532,0.0
Ecuador,Combustion_pickup,870421,2021,3529048.344,344066.532,0.0
Ecuador,Combustion_pickup,870421,2021,2010045.215,187568.565,0.0
Ecuador,Combustion_pickup,870421,2021,903078.801,80542.085,0.0
Ecuador,Combustion_pickup,870421,2021,55027.192,6040.0,4.0
Ecuador,Combustion_pickup,870421,2021,2164942.929,360373.14,172.0
Ecuador,Combustion_pickup,870421,2021,1107546.324,109296.0,64.0
Ecuador,Combustion_pickup,870421,2021,22264023.309,2206087.7,1571.0
Ecuador,Combustion_pickup,870421,2021,398168.03,57890.0,35.0
Ecuador,Combustion_pickup,870421,2021,7224169.5,678896.0,332.0
Ecuador,Combustion_pickup,870421,2021,185302.593,17685.0,9.0
Ecuador,Combustion_pickup,870421,2021,2374893.67,235873.4,181.0
Ecuador,Combustion_pickup,870421,2021,24117732.23,2411412.0,1146.0
Ecuador,Combustion_pickup,870421,2021,61286099.37,5363307.0,4185.0
Ecuador,Combustion_pickup,870421,2021,1941280.674,180927.0,97.0
Ecuador,Combustion_pickup,870421,2021,1106966.414,107026.48,71.0
Ecuador,Combustion_pickup,870421,2021,8084497.18,1137600.0,632.0
Ecuador,Combustion_pickup,870421,2021,70882431.314,10561295.0,5521.0
Ecuador,Combustion_pickup,870421,2021,2429920.862,241913.4,185.0
Ecuador,Combustion_pickup,870421,2021,83550122.679,7569394.7,5756.0
Ecuador,Combustion_pickup,870421,2021,3048826.998,290223.0,161.0
Ecuador,Combustion_pickup,870421,2021,16670889.69,1598070.0,801.0
Ecuador,Combustion_pickup,870421,2021,73047374.243,10921668.14,5693.0
Ecuador,Combustion_pickup,870421,2021,7244971.74,680959.0,333.0
Ecuador,Combustion_pickup,870421,2021,32439.51,2070.0,1.0
Ecuador,Combustion_pickup,870421,2021,20802.24,2063.0,1.0
Ecuador,Combustion_pickup,870421,2021,20455.41,1710.0,1.0
Ecuador,Combustion_pickup,870421,2021,109455.402,9596.54,6.0
Ecuador,Combustion_pickup,870421,2021,129910.812,11306.54,7.0
Ecuador,Combustion_pickup,870421,2022,351998108.3,39613966.1,15363.586
Ecuador,Combustion_pickup,870421,2023,345364254.1,,0.0
Ecuador,Combustion_pickup,870421,2024,141188.272,16040.0,8.0
Ecuador,Combustion_pickup,870421,2024,4960698.99,475600.0,232.0
Ecuador,Combustion_pickup,870421,2024,413341.565,49326.0,30.0
Ecuador,Combustion_pickup,870421,2024,297259.97,39820.0,22.0
Ecuador,Combustion_pickup,870421,2024,5980286.851,573179.0,318.0
Ecuador,Combustion_pickup,870421,2024,16813701.416,1673010.0,787.0
Ecuador,Combustion_pickup,870421,2024,4760611.15,451000.0,220.0
Ecuador,Combustion_pickup,870421,2024,1761723.74,161301.0,78.0
Ecuador,Combustion_pickup,870421,2024,393812.354,67162.9,63.0
Ecuador,Combustion_pickup,870421,2024,583218.058,48662.0,29.0
Ecuador,Combustion_pickup,870421,2024,2522175.606,223388.0,126.0
Ecuador,Combustion_pickup,870421,2024,4083552.975,414120.0,204.0
Ecuador,Combustion_pickup,870421,2024,3074004.797,291169.0,208.0
Ecuador,Combustion_pickup,870421,2024,611740.64,57176.0,28.0
Ecuador,Combustion_pickup,870421,2024,76254229.6,7431325.0,6132.0
Ecuador,Combustion_pickup,870421,2024,63638810.073,10585000.0,5280.0
Ecuador,Combustion_pickup,870421,2024,82234516.451,8004504.0,6450.0
Ecuador,Combustion_pickup,870421,2024,9721310.14,926600.0,452.0
Ecuador,Combustion_pickup,870421,2024,2373464.38,218477.0,106.0
Ecuador,Combustion_pickup,870421,2024,822999.925,98946.0,60.0
Ecuador,Combustion_pickup,870421,2024,2541587.831,225066.0,127.0
Ecuador,Combustion_pickup,870421,2024,173278.869,13604.0,7.0
Ecuador,Combustion_pickup,870421,2024,484548.521,57285.0,29.0
Ecuador,Combustion_pickup,870421,2024,899527.33,53665.0,32.0
Ecuador,Combustion_pickup,870421,2024,802925.876,82260.0,44.0
Ecuador,Combustion_pickup,870421,2024,3973532.127,344834.0,240.0
Ecuador,Combustion_pickup,870421,2024,54445772.293,6417454.0,3255.0
Ecuador,Combustion_pickup,870421,2024,227998799.201,27778814.1,16455.0
Ecuador,Combustion_pickup,870421,2024,74495.32,8120.0,4.0
Ecuador,Combustion_pickup,870421,2024,430646.17,12783.2,4.0
Ecuador,Combustion_pickup,870421,2024,19412.225,1678.0,1.0
Ecuador,Combustion_pickup,870421,2024,487607.424,48720.0,24.0
Ecuador,Combustion_pickup,870421,2024,22312068.509,3284310.0,1702.0
Ecuador,Combustion_pickup,870421,2024,11268397.761,998885.0,473.0
Ecuador,Combustion_pickup,870421,2024,4830425.3,667890.0,369.0
Ecuador,Combustion_pickup,870421,2024,409658.36,49620.0,30.0
Ecuador,Combustion_pickup,870421,2024,318377.355,24975.0,15.0
Ecuador,Combustion_pickup,870421,2024,4571160.399,462840.0,228.0
Ecuador,Combustion_pickup,870421,2024,5127685.27,707710.0,391.0
Ecuador,Combustion_pickup,870421,2024,28082099.177,2671895.0,1260.0
Ecuador,Combustion_pickup,870421,2024,85950878.582,13869310.0,6982.0
Ecuador,Combustion_pickup,870421,2024,168592327.918,20885760.1,12968.0
Ecuador,Combustion_pickup,870421,2025,27696861.318,2892007.426,1559.0
Ecuador,Combustion_pickup,870421,2025,83154.13,15922.92,39.0
Ecuador,Combustion_pickup,870421,2025,186040.575,16056.0,9.0
Ecuador,Combustion_pickup,870421,2025,9830212.248,902000.0,440.0
Ecuador,Combustion_pickup,870421,2025,222552537.145,35095196.851,17747.0
Ecuador,Combustion_pickup,870421,2025,45767.892,4020.0,2.0
Ecuador,Combustion_pickup,870421,2025,117500.0,4000.0,2.0
Ecuador,Combustion_pickup,870421,2025,63033.369,3279.0,3.0
Ecuador,Combustion_pickup,870421,2025,25358517.042,2163006.0,1013.0
Ecuador,Combustion_pickup,870421,2025,11704531.61,1317930.0,713.0
Ecuador,Combustion_pickup,870421,2025,4431309.937,373557.816,202.0
Ecuador,Combustion_pickup,870421,2025,3786545.587,328839.0,155.0
Ecuador,Combustion_pickup,870421,2025,128337.126,14420.0,7.0
Ecuador,Combustion_pickup,870421,2025,1950000.38,163573.0,78.0
Ecuador,Combustion_pickup,870421,2025,4188254.071,376879.287,265.0
Ecuador,Combustion_pickup,870421,2025,3030257.754,296380.0,146.0
Ecuador,Combustion_pickup,870421,2025,350889.49,19317.0,8.0
Ecuador,Combustion_pickup,870421,2025,315539502.823,43988644.3,22389.0
Ecuador,Combustion_pickup,870421,2025,35753.149,2260.0,1.0
Ecuador,Lithium_battery,850760,2021,2872629.431,186047.4,218739.92
Ecuador,Lithium_battery,850760,2021,3997872.004,197057.518,270752.92
Ecuador,Lithium_battery,850760,2021,43.905,2.068,34.0
Ecuador,Lithium_battery,850760,2021,111555.951,291.224,117.0
Ecuador,Lithium_battery,850760,2021,1013642.717,10716.826,51862.0
Ecuador,Lithium_battery,850760,2021,6898.62,48.219,35.0
Ecuador,Lithium_battery,850760,2021,11707.36,54.219,46.0
Ecuador,Lithium_battery,850760,2021,4808.74,6.0,11.0
Ecuador,Lithium_battery,850760,2021,2570.66,21.28,32.0
Ecuador,Lithium_battery,850760,2021,43483.657,267.987,1987.0
Ecuador,Lithium_battery,850760,2021,1089.505,24.376,48.0
Ecuador,Lithium_battery,850760,2021,44573.162,292.363,2035.0
Ecuador,Lithium_battery,850760,2021,11277.754,422.3,1175.0
Ecuador,Lithium_battery,850760,2021,620233.065,7320.222,17686.0
Ecuador,Lithium_battery,850760,2021,645148.712,16096.631,6228.0
Ecuador,Lithium_battery,850760,2021,1272716.643,23460.103,23924.0
Ecuador,Lithium_battery,850760,2021,7334.866,43.25,10.0
Ecuador,Lithium_battery,850760,2022,4207537.9,283987.6,0.0
Ecuador,Lithium_battery,850760,2023,10574131.1,,0.0
Ecuador,Lithium_battery,850760,2024,616.45,1.72,2.0
Ecuador,Lithium_battery,850760,2024,871.02,2.949,2.0
Ecuador,Lithium_battery,850760,2024,6988.788,83.0,10.0
Ecuador,Lithium_battery,850760,2024,306.39,9.22,18.0
Ecuador,Lithium_battery,850760,2024,4065.148,15.38,28.0
Ecuador,Lithium_battery,850760,2024,52383.793,1164.864,3166.0
Ecuador,Lithium_battery,850760,2024,617.935,97.972,330.0
Ecuador,Lithium_battery,850760,2024,1209.448,21.024,37.0
Ecuador,Lithium_battery,850760,2024,37909.379,551.038,144.0
Ecuador,Lithium_battery,850760,2024,252.499,9.283,25.0
Ecuador,Lithium_battery,850760,2024,13726.571,4.574,23.0
Ecuador,Lithium_battery,850760,2024,11716.34,165.093,49.0
Ecuador,Lithium_battery,850760,2024,295012.465,5277.679,13772.0
Ecuador,Lithium_battery,850760,2024,3042.89,33.14,220.0
Ecuador,Lithium_battery,850760,2024,19705.65,104.508,335.0
Ecuador,Lithium_battery,850760,2024,5255.893,171.136,114.0
Ecuador,Lithium_battery,850760,2024,25059.704,108.051,236.0
Ecuador,Lithium_battery,850760,2024,195580.175,4630.21,18.0
Ecuador,Lithium_battery,850760,2024,1563.723,2079.49,1100.0
Ecuador,Lithium_battery,850760,2024,7123.303,628.902,12.0
Ecuador,Lithium_battery,850760,2024,54826.486,775.973,1276.0
Ecuador,Lithium_battery,850760,2024,21082.598,1001.43,1126.0
Ecuador,Lithium_battery,850760,2024,2613352.134,87265.206,37363.0
Ecuador,Lithium_battery,850760,2024,9268373.137,320532.068,25854.0
Ecuador,Lithium_battery,850760,2024,690401.319,27053.823,494.0
Ecuador,Lithium_battery,850760,2024,4658.806,199.733,87.0
Ecuador,Lithium_battery,850760,2024,4392.845,105.95,81.0
Ecuador,Lithium_battery,850760,2024,14233.346,387.509,1010.0
Ecuador,Lithium_battery,850760,2024,6993021.678,613101.595,430661.0
Ecuador,Lithium_battery,850760,2024,11860.52,170.563,53.0
Ecuador,Lithium_battery,850760,2024,210439.988,4650.55,65.0
Ecuador,Lithium_battery,850760,2024,9995.667,96.25,13.0
Ecuador,Lithium_battery,850760,2024,68553.057,780.547,1299.0
Ecuador,Lithium_battery,850760,2024,9406509.226,325330.182,32458.0
Ecuador,Lithium_battery,850760,2024,8332.751,649.926,49.0
Ecuador,Lithium_battery,850760,2024,69150.381,55.94,440.0
Ecuador,Lithium_battery,850760,2024,29452.549,214.001,317.0
Ecuador,Lithium_battery,850760,2024,79.83,1.2,1.0
Ecuador,Lithium_battery,850760,2024,39.92,0.76,1.0
Ecuador,Lithium_battery,850760,2024,2520.817,384.0,1.0
Ecuador,Lithium_battery,850760,2024,104621.815,4141.569,3717.0
Ecuador,Lithium_battery,850760,2024,520.92,19.58,5.0
Ecuador,Lithium_battery,850760,2024,626.92,26.58,6.0
Ecuador,Lithium_battery,850760,2024,604.25,1.3,4.0
Ecuador,Lithium_battery,850760,2024,8.32,0.18,4.0
Ecuador,Lithium_battery,850760,2024,144.18,5.47,4.0
Ecuador,Lithium_battery,850760,2024,3006.879,13.25,3.0
Ecuador,Lithium_battery,850760,2024,1188.09,4.78,3.0
Ecuador,Lithium_battery,850760,2024,39001.287,968.121,31.0
Ecuador,Lithium_battery,850760,2024,345095.165,19388.619,856.0
Ecuador,Lithium_battery,850760,2024,1820.05,129.704,6053.0
Ecuador,Lithium_battery,850760,2024,1883.746,15.312,206.0
Ecuador,Lithium_battery,850760,2024,454634.936,24912.292,87010.0
Ecuador,Lithium_battery,850760,2024,126978.855,2780.62,202.0
Ecuador,Lithium_battery,850760,2024,14828.787,81.081,406.0
Ecuador,Lithium_battery,850760,2024,2707.882,53.638,34.0
Ecuador,Lithium_battery,850760,2024,871.16,19.176,20.0
Ecuador,Lithium_battery,850760,2024,23790.48,1055.068,1160.0
Ecuador,Lithium_battery,850760,2024,91144.012,1906.668,1185.0
Ecuador,Lithium_battery,850760,2024,1233162.193,43671.106,161480.0
Ecuador,Lithium_battery,850760,2024,367924.024,10870.183,4618.0
Ecuador,Lithium_battery,850760,2024,731607.425,27580.957,683.0
Ecuador,Lithium_battery,850760,2024,11688882.534,336459.272,120167.0
Ecuador,Lithium_battery,850760,2024,467.98,2.1,3.0
Ecuador,Lithium_battery,850760,2024,106.0,7.0,1.0
Ecuador,Lithium_battery,850760,2025,10881.1,1538.638,6.0
Ecuador,Lithium_battery,850760,2025,87334.7,117.0,620.0
Ecuador,Lithium_battery,850760,2025,18896.801,116.54,366.0
Ecuador,Lithium_battery,850760,2025,7589.392,81.7,11.0
Ecuador,Lithium_battery,850760,2025,897.55,10.22,10.0
Ecuador,Lithium_battery,850760,2025,9228.25,414.0,9.0
Ecuador,Lithium_battery,850760,2025,178666.089,7128.689,1840.0
Ecuador,Lithium_battery,850760,2025,17542.138,244.19,201.0
Ecuador,Lithium_battery,850760,2025,667780.527,,765.0
Ecuador,Lithium_battery,850760,2025,15063.805,235.88,825.0
Ecuador,Lithium_battery,850760,2025,17984.8,240.731,191.0
Ecuador,Lithium_battery,850760,2025,15100342.12,1551605.483,714748.0
Ecuador,Lithium_battery,850760,2025,5294208.476,105457.282,63684.38
Ecuador,General_auto_parts,8708,2021,9039387.361,1447775.11,1447775.11
Ecuador,General_auto_parts,8708,2021,3589073.081,263706.454,263706.454
Ecuador,General_auto_parts,8708,2021,846829.913,43164.855,43164.855
Ecuador,General_auto_parts,8708,2021,235172.006,4347.254,4347.254
Ecuador,General_auto_parts,8708,2021,13132125.143,1835011.998,1835011.998
Ecuador,General_auto_parts,8708,2021,1204102.239,113314.493,113314.493
Ecuador,General_auto_parts,8708,2021,10602943.324,1703255.19,1703255.19
Ecuador,General_auto_parts,8708,2021,237447.832,17070.656,17070.656
Ecuador,General_auto_parts,8708,2021,4867422.514,286988.471,286988.471
Ecuador,General_auto_parts,8708,2021,77727117.179,16513837.634,16513837.634
Ecuador,General_auto_parts,8708,2021,1603777.18,127961.988,127961.988
Ecuador,General_auto_parts,8708,2021,611657.907,38817.6,38817.6
Ecuador,General_auto_parts,8708,2021,2207345.411,153637.432,153637.432
Ecuador,General_auto_parts,8708,2021,78796407.348,16547768.103,16547767.563
Ecuador,General_auto_parts,8708,2021,261870.469,6651.389,6651.389
Ecuador,General_auto_parts,8708,2021,421451.926,0.0,8099.095
Ecuador,General_auto_parts,8708,2021,980474.401,17419.721,17419.721
Ecuador,General_auto_parts,8708,2021,230945.789,4025.339,4025.339
Ecuador,General_auto_parts,8708,2021,6658306.053,0.0,664896.801
Ecuador,General_auto_parts,8708,2021,979903.683,26121.138,26120.598
Ecuador,General_auto_parts,8708,2021,292069.775,4957.11,4946.36
Ecuador,General_auto_parts,8708,2021,5090319.698,411665.499,411654.749
Ecuador,General_auto_parts,8708,2021,1654184.486,149581.342,149581.342
Ecuador,General_auto_parts,8708,2021,214855.231,6730.027,6730.027
Ecuador,General_auto_parts,8708,2021,1748604.013,68293.048,68293.048
Ecuador,General_auto_parts,8708,2021,597195.509,32250.208,32250.208
Ecuador,General_auto_parts,8708,2021,15279493.23,454842.123,454832.203
Ecuador,General_auto_parts,8708,2021,44778452.38,2897833.707,2897823.787
Ecuador,General_auto_parts,8708,2021,24648559.193,0.0,762341.742
Ecuador,General_auto_parts,8708,2021,240050030.649,0.0,30875795.389
Ecuador,General_auto_parts,8708,2021,4372109.748,232772.618,232772.618
Ecuador,General_auto_parts,8708,2021,201927302.75,28428881.825,28428881.825
Ecuador,General_auto_parts,8708,2021,9102058.958,1451799.205,1451799.205
Ecuador,General_auto_parts,8708,2022,312650441.3,40417382.897,40417382.897
Ecuador,General_auto_parts,8708,2023,294764831.0,,0.0
Ecuador,General_auto_parts,8708,2024,194160.144,3280.687,3280.687
Ecuador,General_auto_parts,8708,2024,3460.84,67.58,70.2
Ecuador,General_auto_parts,8708,2024,269640586.357,40018644.014,40018645.974
Ecuador,General_auto_parts,8708,2024,9162658.114,1150590.081,1150590.081
Ecuador,General_auto_parts,8708,2024,21376245.607,1961132.049,1961132.049
Ecuador,General_auto_parts,8708,2024,11055790.345,1374394.984,1374394.984
Ecuador,General_auto_parts,8708,2024,1290513.155,35401.085,35400.425
Ecuador,General_auto_parts,8708,2024,1733115.61,67326.662,67326.662
Ecuador,General_auto_parts,8708,2024,4124111.313,292212.637,292212.637
Ecuador,General_auto_parts,8708,2024,107901358.981,26777048.807,26777048.147
Ecuador,General_auto_parts,8708,2024,40075180.202,2240104.213,2240104.213
Ecuador,General_auto_parts,8708,2024,12255536.058,364762.977,364762.977
Ecuador,General_auto_parts,8708,2024,79.117,4.3,4.3
Ecuador,General_auto_parts,8708,2024,519.08,1.01,1.01
Ecuador,General_auto_parts,8708,2024,267.515,11.88,11.88
Ecuador,General_auto_parts,8708,2025,130887292.212,34317064.721,34317063.421
Ecuador,General_auto_parts,8708,2025,105733.2,1649.26,1649.26
Bolivia,EV_100pct,870380,2021,700131.78,0.0,0.0
Bolivia,EV_100pct,870380,2022,1078999.0,56754.612,30.171
Bolivia,EV_100pct,870380,2023,3046570.0,156399.986,82.165
Bolivia,EV_100pct,870380,2024,4285588.0,256913.537,126.934
Bolivia,EV_100pct,870380,2025,25337898.0,1478182.408,764.739
Bolivia,Hybrid,870340,2021,885316.89,0.0,0.0
Bolivia,Hybrid,870340,2022,2923054.0,182231.469,114.997
Bolivia,Hybrid,870340,2023,78299.0,4736.331,3.017
Bolivia,Hybrid,870340,2023,16514499.0,998967.232,636.415
Bolivia,Hybrid,870340,2023,16592798.0,1003703.563,639.433
Bolivia,Hybrid,870340,2024,21815481.0,1262880.557,819.127
Bolivia,Hybrid,870340,2025,27354032.0,1519288.515,1007.326
Bolivia,Combustion_pickup,870421,2021,3081727.43,0.0,0.0
Bolivia,Combustion_pickup,870421,2022,2613835.0,228685.798,114.085
Bolivia,Combustion_pickup,870421,2023,3295412.0,265610.75,130.723
Bolivia,Combustion_pickup,870421,2024,907271.0,74276.212,34.698
Bolivia,Combustion_pickup,870421,2025,3674075.0,271886.537,129.894
Bolivia,Lithium_battery,850760,2021,31327.16,7119.0,688.62
Bolivia,Lithium_battery,850760,2021,401587.12,39838.0,11736.32
Bolivia,Lithium_battery,850760,2021,3415260.59,0.0,137490.06
Bolivia,Lithium_battery,850760,2021,2982346.31,0.0,125065.12
Bolivia,Lithium_battery,850760,2022,8221201.0,,0.0
Bolivia,Lithium_battery,850760,2022,26804.0,,0.0
Bolivia,Lithium_battery,850760,2022,504604.0,,0.0
Bolivia,Lithium_battery,850760,2022,8752609.0,,0.0
Bolivia,Lithium_battery,850760,2023,7520456.0,,0.0
Bolivia,Lithium_battery,850760,2023,566798.0,,0.0
Bolivia,Lithium_battery,850760,2023,31255.0,,0.0
Bolivia,Lithium_battery,850760,2023,6922403.0,,0.0
Bolivia,Lithium_battery,850760,2024,45858.0,895.852,0.0
Bolivia,Lithium_battery,850760,2024,363976.0,7110.394,0.0
Bolivia,Lithium_battery,850760,2024,7065732.0,138031.467,0.0
Bolivia,Lithium_battery,850760,2024,7475566.0,146037.713,0.0
Bolivia,Lithium_battery,850760,2025,50342.0,1207.68,0.0
Bolivia,Lithium_battery,850760,2025,400065.0,9597.366,0.0
Bolivia,Lithium_battery,850760,2025,8829583.0,211817.435,0.0
Bolivia,Lithium_battery,850760,2025,9279990.0,222622.481,0.0
Bolivia,General_auto_parts,8708,2021,5004.02,300.0,300.0
Bolivia,General_auto_parts,8708,2021,76557759.51,10221368.0,10221368.0
Bolivia,General_auto_parts,8708,2021,690127.94,59327.0,59327.0
Bolivia,General_auto_parts,8708,2021,5568700.03,205434.893,205434.893
Bolivia,General_auto_parts,8708,2021,82821591.5,10486429.893,10486429.893
Bolivia,General_auto_parts,8708,2022,77777.0,0.0,6719.421
Bolivia,General_auto_parts,8708,2022,107647008.0,,8971726.67
Bolivia,General_auto_parts,8708,2022,5622439.0,,427390.298
Bolivia,General_auto_parts,8708,2022,753057.0,,55014.252
Bolivia,General_auto_parts,8708,2022,101193735.0,,8482602.699
Bolivia,General_auto_parts,8708,2023,96629775.0,,8062934.858
Bolivia,General_auto_parts,8708,2023,754597.0,,55193.26
Bolivia,General_auto_parts,8708,2023,5813540.0,,453582.004
Bolivia,General_auto_parts,8708,2023,103205760.0,,8572412.598
Bolivia,General_auto_parts,8708,2023,7848.0,702.475,702.475
Bolivia,General_auto_parts,8708,2024,30808.0,2943.949,2943.949
Bolivia,General_auto_parts,8708,2024,641385.0,0.0,43999.441
Bolivia,General_auto_parts,8708,2024,4283399.0,313170.822,313170.822
Bolivia,General_auto_parts,8708,2024,75350794.0,5848766.122,5848766.122
Bolivia,General_auto_parts,8708,2025,1658.0,114.492,114.492
Bolivia,General_auto_parts,8708,2025,56756.0,5601.61,5601.61
Bolivia,General_auto_parts,8708,2025,751088.0,53994.3,53994.3
Bolivia,General_auto_parts,8708,2025,4726732.0,371791.494,371791.494
Bolivia,General_auto_parts,8708,2025,77369307.0,6512617.903,6512617.903
